saddr,sport,daddr,classification,success,repeat,data
81.4.64.1,161.0,172.28.210.68,udp,1,0,3067020103300e02024a69020205dc040100020103041f301d040c800000090300001873b8540c0201060204144452100400040004003031040c800000090300001873b8540c0400a81f020237f002010002010030133011060a2b060106030f0101040041032823c8
212.22.74.1,161.0,172.28.210.68,udp,1,0,3065020103300f02024a69020300ffe3040100020103041d301b040b80000a4c037c258690fd60020104020379269c0400040004003030040b80000a4c037c258690fd600400a81f020237f002010002010030133011060a2b060106030f010104004103182240
92.120.2.1,161.0,172.28.210.68,udp,1,0,3062020103300f02024a69020300ffe3040100020103041b3019040b8000000903a03d6f159640020100020100040004000400302f040b8000000903a03d6f1596400400a81e020237f002010002010030123010060a2b060106030f01010400410266a8
45.148.184.92,161.0,172.28.210.68,udp,1,0,3066020103300e02024a69020205dc040100020103041f301d040c800000090300a03d6e0cb380020114020400dbb7570400040004003030040c800000090300a03d6e0cb3800400a81e020237f002010002010030123010060a2b060106030f0101040041020d4c
81.173.44.14,161.0,172.28.210.68,udp,1,0,3056020103300f02024a69020300ffe304010002010304153013040580003a8c040201000201000400040004003029040580003a8c040400a81e020237f002010002010030123010060a2b060106030f010104004102058d
94.228.128.194,161.0,172.28.210.68,udp,1,0,3067020103300e02024a69020205dc040100020103041f301d040c80000009030024e9b3e23d18020105020404081c520400040004003031040c80000009030024e9b3e23d180400a81f020237f002010002010030133011060a2b060106030f01010400410302b3d4
185.90.199.119,161.0,172.28.210.68,udp,1,0,3063020103300f02024a69020300ffe3040100020103041d301b040af5717f688bf43e7f2d00020106020400d5f124040004000400302e040af5717f688bf43e7f2d000400a81e020237f002010002010030123010060a2b060106030f01010400410217f5
37.114.88.81,161.0,172.28.210.68,udp,1,0,3067020103300e02024a6902020800040100020103041f301d040c0000000903005cb12effe2e2020101020403b066250400040004003031040c0000000903005cb12effe2e20400a81f020237f002010002010030133011060a2b060106030f010104004103014b4a
199.231.235.1,161.0,172.28.210.68,udp,1,0,3064020103300f02024a69020300ffe3040100020103041b3019040b8000000903b08bcf1a03100201000201000400040004003031040b8000000903b08bcf1a03100400a820020237f002010002010030143012060a2b060106030f01010400410403554050
94.102.54.1,161.0,172.28.210.68,udp,1,0,3064020103300f02024a69020300ffe3040100020103041d301b040af5717f444ca8c41efb00020104020401311773040004000400302f040af5717f444ca8c41efb000400a81f020237f002010002010030133011060a2b060106030f01010400410309a26c
213.21.232.1,161.0,172.28.210.68,udp,1,0,3062020103300f02024a69020300ffe3040100020103041b3019040b8000000903003a9c2380c0020100020100040004000400302f040b8000000903003a9c2380c00400a81e020237f002010002010030123010060a2b060106030f0101040041020637
149.11.80.18,161.0,172.28.210.68,udp,1,0,3067020103300e02024a69020205dc040100020103041f301d040c800000090300002cc801e480020106020408d616580400040004003031040c800000090300002cc801e4800400a81f020237f002010002010030133011060a2b060106030f010104004103017825
31.187.128.1,161.0,172.28.210.68,udp,1,0,3067020103300e02024a6902020800040100020103041f301d040c5026600000000100300010090201020204038efe620400040004003031040c5026600000000100300010090400a81f020237f002010002010030133011060a2b060106030f0101040041030247e1
217.119.226.14,161.0,172.28.210.68,udp,1,0,3064020103300e02024a6902021194040100020103041e301c040b800007c703609c9f5821000201180204035dfbcf040004000400302f040b800007c703609c9f5821000400a81e020237f002010002010030123010060a2b060106030f0101040041026046
5.8.44.1,161.0,172.28.210.68,udp,1,0,3067020103300e02024a6902020800040100020103041f301d040c0000000903000896ad248c7102010c020401a647cb0400040004003031040c0000000903000896ad248c710400a81f020237f002010002010030133011060a2b060106030f0101040041030126a7
193.118.48.121,161.0,172.28.210.68,udp,1,0,3063020103300e02024a6902022ee0040100020103041e301c040b800007db03602e200602810201060204033c8800040004000400302e040b800007db03602e200602810400a81d02010002010002010030123010060a2b060106030f01010400410214d5
149.11.201.122,161.0,172.28.210.68,udp,1,0,3066020103300f02024a69020300ffe3040100020103041e301c040b800002a203e8655f0aa1800201090204025e6e370400040004003030040b800002a203e8655f0aa1800400a81f020237f002010002010030133011060a2b060106030f010104004103183a7b
37.139.137.233,161.0,172.28.210.68,udp,1,0,3071020103300f02024a69020300ffe304010002010304243022041180001f8880cc510053fe91df6300000000020104020401afba760400040004003035041180001f8880cc510053fe91df63000000000400a81e020237f002010002010030123010060a2b060106030f0101040041024dd4
104.206.188.1,161.0,172.28.210.68,udp,1,0,3064020103300f02024a69020300ffe3040100020103041d301b040af5717f28993a30776700020106020400c7d833040004000400302f040af5717f28993a307767000400a81f020237f002010002010030133011060a2b060106030f010104004103023988
46.243.167.1,161.0,172.28.210.68,udp,1,0,3067020103300e02024a69020205dc040100020103041f301d040c800000090300549fc61f6f0002010a020400f7ce2f0400040004003031040c800000090300549fc61f6f000400a81f020237f002010002010030133011060a2b060106030f0101040041030211e5
89.248.160.1,161.0,172.28.210.68,udp,1,0,3064020103300f02024a69020300ffe3040100020103041d301b040af5717f444ca8c41efb00020104020401311773040004000400302f040af5717f444ca8c41efb000400a81f020237f002010002010030133011060a2b060106030f01010400410309a26d
31.134.201.150,161.0,172.28.210.68,udp,1,0,3062020103300f02024a69020300ffe3040100020103041b3019040b8000000903003a9c1c6ae0020100020100040004000400302f040b8000000903003a9c1c6ae00400a81e020237f002010002010030123010060a2b060106030f01010400410216f1
185.85.208.166,161.0,172.28.210.68,udp,1,0,3057020103300f02024a69020300ffe304010002010304153013040580003a8c04020100020100040004000400302a040580003a8c040400a81f020237f002010002010030133011060a2b060106030f010104004103025c8f
103.147.212.1,161.0,172.28.210.68,udp,1,0,3064020103300f02024a69020300ffe3040100020103041d301b040b800002a203d89ef3cfdb6002012c0203345230040004000400302f040b800002a203d89ef3cfdb600400a81e020237f002010002010030123010060a2b060106030f0101040041020e2f
82.217.0.1,161.0,172.28.210.68,udp,1,0,3067020103300e02024a69020205dc040100020103041f301d040c800000090300f8a73af0f40002010b0204011470030400040004003031040c800000090300f8a73af0f4000400a81f020237f002010002010030133011060a2b060106030f010104004103357f25
46.29.27.1,161.0,172.28.210.68,udp,1,0,3061020103300f02024a69020300ffe3040100020103041c301a040980000a4c01b9560524020106020409fdaf20040004000400302d040980000a4c01b95605240400a81e020237f002010002010030123010060a2b060106030f0101040041027f6d
213.247.119.42,161.0,172.28.210.68,udp,1,0,3067020103300e02024a69020205dc040100020103041f301d040c80000009030000fd22ff2ce0020120020401313ee70400040004003031040c80000009030000fd22ff2ce00400a81f020237f002010002010030133011060a2b060106030f01010400410300ab56
91.196.168.1,161.0,172.28.210.68,udp,1,0,3065020103300e02024a6902021194040100020103041e301c040b800007c70300243898af0002014202040134cb1c0400040004003030040b800007c70300243898af000400a81f020237f002010002010030133011060a2b060106030f0101040041030129ae
95.142.48.1,161.0,172.28.210.68,udp,1,0,3062020103300f02024a69020300ffe3040100020103041c301a040980000a4c010a0101f502010d020406ac8ea6040004000400302e040980000a4c010a0101f50400a81f020237f002010002010030133011060a2b060106030f01010400410300f7dd
185.29.203.186,161.0,172.28.210.68,udp,1,0,3070020103300f02024a69020300ffe304010002010304233021041180001f888048428973977cd0670000000002010102035dad530400040004003035041180001f888048428973977cd067000000000400a81e020237f002010002010030123010060a2b060106030f0101040041021437
195.219.194.96,161.0,172.28.210.68,udp,1,0,308181020103300e02024a69020205c0040100020103042d302b041938303030343634373236393736363536653635373437333061020206f8020401298f44040004000400303d0419383030303436343732363937363635366536353734373330610400a81e020237f002010002010030123010060a2b060106030f0101040041024152
147.45.114.1,161.0,172.28.210.68,udp,1,0,3062020103300f02024a69020300ffe3040100020103041c301a040af5717f001c73aec7f90002010302032d6f2a040004000400302e040af5717f001c73aec7f9000400a81e020237f002010002010030123010060a2b060106030f0101040041022557
163.171.145.1,161.0,172.28.210.68,udp,1,0,3065020103300e02024a6902022ee0040100020103041e301c040b800007db03a0f4795b7a11020117020404bdac230400040004003030040b800007db03a0f4795b7a110400a81f02010002010002010030143012060a2b060106030f01010400410402a3625e
92.118.206.17,161.0,172.28.210.68,udp,1,0,3064020103300f02024a69020300ffe3040100020103041d301b040af5717f7483efd7b1050002010102040163c049040004000400302f040af5717f7483efd7b105000400a81f020237f002010002010030133011060a2b060106030f01010400410300ab51
185.6.111.249,161.0,172.28.210.68,udp,1,0,3066020103300e02024a69020205dc040100020103041f301d040c800000090300ccef48f76380020108020400cb408d0400040004003030040c800000090300ccef48f763800400a81e020237f002010002010030123010060a2b060106030f0101040041020d52
31.134.200.150,161.0,172.28.210.68,udp,1,0,3062020103300f02024a69020300ffe3040100020103041b3019040b8000000903003a9c178e40020100020100040004000400302f040b8000000903003a9c178e400400a81e020237f002010002010030123010060a2b060106030f0101040041022025
185.68.173.201,161.0,172.28.210.68,udp,1,0,3068020103300e02024a6902020578040100020103041f301d040c00000009030078baf97138790201170204027be9dd0400040004003032040c00000009030078baf97138790400a820020237f002010002010030143012060a2b060106030f01010400410400d3c5b3
138.124.30.1,161.0,172.28.210.68,udp,1,0,3065020103300f02024a69020300ffe3040100020103041d301b040b80000a4c037c258690fd60020104020379269e0400040004003030040b80000a4c037c258690fd600400a81f020237f002010002010030133011060a2b060106030f010104004103182241
95.142.108.35,161.0,172.28.210.68,udp,1,0,3067020103300e02024a69020205dc040100020103041f301d040c80000009030078bc1adfe68002010802040a6b53450400040004003031040c80000009030078bc1adfe6800400a81f020237f002010002010030133011060a2b060106030f01010400410301a0fc
45.15.193.1,161.0,172.28.210.68,udp,1,0,3069020103300e02024a69020208000401000201030420301e040d80000634b20afc0010144bfe81020102020405c726230400040004003032040d80000634b20afc0010144bfe810400a81f020237f002010002010030133011060a2b060106030f010104004103016839
193.118.48.215,161.0,172.28.210.68,udp,1,0,3063020103300f02024a69020300ffe3040100020103041d301b040af5717f606b5bb6fe45000201050204019ea3c3040004000400302e040af5717f606b5bb6fe45000400a81e020237f002010002010030123010060a2b060106030f0101040041022ddd
94.102.53.1,161.0,172.28.210.68,udp,1,0,3064020103300f02024a69020300ffe3040100020103041d301b040af5717f444ca8c41efb00020104020401311774040004000400302f040af5717f444ca8c41efb000400a81f020237f002010002010030133011060a2b060106030f01010400410309a26e
194.69.24.1,161.0,172.28.210.68,udp,1,0,3066020103300e02024a69020205dc040100020103041f301d040c800000090300001ae2ab6b1202010702040b7475210400040004003030040c800000090300001ae2ab6b120400a81e020237f002010002010030123010060a2b060106030f0101040041021f6f
195.219.138.30,161.0,172.28.210.68,udp,1,0,308181020103300e02024a69020205c0040100020103042d302b041938303030343634373236393736363536653635373437333061020206f8020401298f45040004000400303d0419383030303436343732363937363635366536353734373330610400a81e020237f002010002010030123010060a2b060106030f0101040041024154
185.220.215.109,161.0,172.28.210.68,udp,1,0,3068020103300e02024a6902020800040100020103041f301d040c00000009030040ce243ce0a0020102020407c5c1b70400040004003032040c00000009030040ce243ce0a00400a820020237f002010002010030143012060a2b060106030f0101040041041660ff23
217.21.254.53,161.0,172.28.210.68,udp,1,0,3066020103300e02024a69020205dc040100020103041f301d040c800000090300c014fe173b0002011702040331beb30400040004003030040c800000090300c014fe173b000400a81e020237f002010002010030123010060a2b060106030f0101040041024082
193.42.109.1,161.0,172.28.210.68,udp,1,0,3071020103300f02024a69020300ffe304010002010304243022041180001f88800c9a731c73f07b5f00000000020107020402d0a0b90400040004003035041180001f88800c9a731c73f07b5f000000000400a81e020237f002010002010030123010060a2b060106030f01010400410210f7
212.72.40.34,161.0,172.28.210.68,udp,1,0,3068020103300e02024a69020205dc040100020103041f301d040c8000000903005c3e068d22000201060204033dd9140400040004003032040c8000000903005c3e068d22000400a820020237f002010002010030143012060a2b060106030f01010400410400f51218
46.243.100.1,161.0,172.28.210.68,udp,1,0,3067020103300e02024a69020205dc040100020103041f301d040c800000090300b4de31ef59800201060204030718bc0400040004003031040c800000090300b4de31ef59800400a81f020237f002010002010030133011060a2b060106030f010104004103015ba2
185.15.210.63,161.0,172.28.210.68,udp,1,0,3067020103300e02024a6902020578040100020103041f301d040c800000090300a89d219885c0020109020403ef9d2c0400040004003031040c800000090300a89d219885c00400a81f020237f002010002010030133011060a2b060106030f01010400410300c94a
217.18.95.219,161.0,172.28.210.68,udp,1,0,3063020103300f02024a69020300ffe3040100020103041d301b040af5717f444ca8c1846300020108020400f5c41e040004000400302e040af5717f444ca8c18463000400a81e020237f002010002010030123010060a2b060106030f0101040041021068
89.248.164.1,161.0,172.28.210.68,udp,1,0,3064020103300f02024a69020300ffe3040100020103041d301b040af5717f444ca8c41efb00020104020401311775040004000400302f040af5717f444ca8c41efb000400a81f020237f002010002010030133011060a2b060106030f01010400410309a26f
213.207.11.84,161.0,172.28.210.68,udp,1,0,3066020103300e02024a69020205dc040100020103041e301c040c8000000903002c542dfec28002010b0203099ab90400040004003031040c8000000903002c542dfec2800400a81f020237f002010002010030133011060a2b060106030f010104004103026319
149.11.65.89,161.0,172.28.210.68,udp,1,0,3070020103300e02024a69020205c004010002010304243022041180001f88807b258d5b6031856600000000020101020401a8f8b20400040004003035041180001f88807b258d5b60318566000000000400a81e020237f002010002010030123010060a2b060106030f01010400410237e5
185.63.164.1,161.0,172.28.210.68,udp,1,0,3067020103300e02024a69020205dc040100020103041f301d040c80000009030024e9b3e23d18020105020404081c540400040004003031040c80000009030024e9b3e23d180400a81f020237f002010002010030133011060a2b060106030f01010400410302b3d5
194.233.97.1,161.0,172.28.210.68,udp,1,0,3066020103300f02024a69020300ffe3040100020103041e301c040b80000a4c030c599c5c710002010402040346ae2f0400040004003030040b80000a4c030c599c5c71000400a81f020237f002010002010030133011060a2b060106030f0101040041030532cc
45.92.3.1,161.0,172.28.210.68,udp,1,0,304c020103300f02024a69020300ffe30401000201030410300e0400020100020100040004000400302404000400a81e020237f002010002010030123010060a2b060106030f010104004102027b
5.180.140.1,161.0,172.28.210.68,udp,1,0,3068020103300e02024a69020205dc040100020103041f301d040c8000000903005c3e068d22000201060204033dd9140400040004003032040c8000000903005c3e068d22000400a820020237f002010002010030143012060a2b060106030f01010400410400f51219
81.181.110.1,161.0,172.28.210.68,udp,1,0,3063020103300f02024a69020300ffe3040100020103041b3019040b80000009035ca62dc3ed600201000201000400040004003030040b80000009035ca62dc3ed600400a81f020237f002010002010030133011060a2b060106030f01010400410303491b
185.51.56.32,161.0,172.28.210.68,udp,1,0,3069020103300e02024a69020208000401000201030420301e040d80000634b20400001014ccd19602010202040744dd2c0400040004003032040d80000634b20400001014ccd1960400a81f020237f002010002010030133011060a2b060106030f01010400410308d5bc
185.90.199.111,161.0,172.28.210.68,udp,1,0,3063020103300f02024a69020300ffe3040100020103041d301b040af5717f688bf43e876d00020104020401438e4e040004000400302e040af5717f688bf43e876d000400a81e020237f002010002010030123010060a2b060106030f01010400410220d8
194.35.11.1,161.0,172.28.210.68,udp,1,0,3066020103300e02024a69020205dc040100020103041f301d040c80000009030020cfaea6ab0002010c0204049ba1200400040004003030040c80000009030020cfaea6ab000400a81e020237f002010002010030123010060a2b060106030f0101040041023440
78.152.39.85,161.0,172.28.210.68,udp,1,0,3066020103300e02024a6902020800040100020103041f301d040c00000009030000c164415b7402010602040e23b17f0400040004003030040c00000009030000c164415b740400a81e020237f002010002010030123010060a2b060106030f0101040041024407
193.38.244.1,161.0,172.28.210.68,udp,1,0,3064020103300f02024a69020300ffe3040100020103041d301b040af5717f001c73eec04d000201030204029d3875040004000400302f040af5717f001c73eec04d000400a81f020237f002010002010030133011060a2b060106030f0101040041030310a8
194.69.28.250,161.0,172.28.210.68,udp,1,0,3068020103300e02024a69020205dc040100020103041f301d040c800000090300c067af3fb5740201080204055d082b0400040004003032040c800000090300c067af3fb5740400a820020237f002010002010030143012060a2b060106030f01010400410400f9b8ee
38.92.76.1,161.0,172.28.210.68,udp,1,0,3066020103300e02024a69020205dc040100020103041f301d040c800000090300a03d6e0cb380020114020400dbb7580400040004003030040c800000090300a03d6e0cb3800400a81e020237f002010002010030123010060a2b060106030f0101040041020d4d
46.226.58.98,161.0,172.28.210.68,udp,1,0,3065020103300e02024a6902020800040100020103041e301c040c000000090300d46d502069bb02013602031e31920400040004003030040c000000090300d46d502069bb0400a81e020237f002010002010030123010060a2b060106030f010104004102187f
82.152.249.1,161.0,172.28.210.68,udp,1,0,3064020103300f02024a69020300ffe3040100020103041d301b040af5717f444ca847981500020101020402d7c158040004000400302f040af5717f444ca8479815000400a81f020237f002010002010030133011060a2b060106030f0101040041030168b7
91.200.16.66,161.0,172.28.210.68,udp,1,0,3060020103300f02024a69020300ffe3040100020103041b3019040980000a4c015bc8100102010f020325e25f040004000400302d040980000a4c015bc810010400a81e020237f002010002010030123010060a2b060106030f010104004102080a
145.145.12.62,161.0,172.28.210.68,udp,1,0,305a020103300e02024a69020205dc0401000201030419301704060019a974a380020116020400a755ea040004000400302a04060019a974a3800400a81e020237f002010002010030123010060a2b060106030f0101040041020a16
193.67.144.1,161.0,172.28.210.68,udp,1,0,3063020103300f02024a69020300ffe3040100020103041b3019040b8000000903a0935103551c0201000201000400040004003030040b8000000903a0935103551c0400a81f020237f002010002010030133011060a2b060106030f010104004103009f6a
156.253.220.1,161.0,172.28.210.68,udp,1,0,3062020103300f02024a69020300ffe3040100020103041c301a040af5717f001c73aec7f90002010302032d6f2c040004000400302e040af5717f001c73aec7f9000400a81e020237f002010002010030123010060a2b060106030f0101040041022558
217.170.23.172,161.0,172.28.210.68,udp,1,0,3068020103300e02024a69020205dc040100020103041f301d040c800000090300a4934c30c00002010802040a4ce8ea0400040004003032040c800000090300a4934c30c0000400a820020237f002010002010030143012060a2b060106030f010104004104717f14e3
89.30.224.8,161.0,172.28.210.68,udp,1,0,3066020103300e02024a6902020800040100020103041f301d040c000000090300d46d506d20a302010a0204050480200400040004003030040c000000090300d46d506d20a30400a81e020237f002010002010030123010060a2b060106030f0101040041026616
37.139.137.23,161.0,172.28.210.68,udp,1,0,3062020103300f02024a69020300ffe3040100020103041c301a040980000a4c01b2d95005020103020400ea7049040004000400302e040980000a4c01b2d950050400a81f020237f002010002010030133011060a2b060106030f010104004103014dad
94.103.9.1,161.0,172.28.210.68,udp,1,0,3062020103300f02024a69020300ffe3040100020103041c301a040980000a4c01c0a80201020106020400e3381c040004000400302e040980000a4c01c0a802010400a81f020237f002010002010030133011060a2b060106030f01010400410300d7b4
193.160.96.1,161.0,172.28.210.68,udp,1,0,3064020103300f02024a69020300ffe3040100020103041d301b040af5717f444ca8c41efb00020104020401311775040004000400302f040af5717f444ca8c41efb000400a81f020237f002010002010030133011060a2b060106030f01010400410309a270
82.163.42.1,161.0,172.28.210.68,udp,1,0,3060020103300f02024a69020300ffe3040100020103041b3019040980000a4c012d95340602010902034d47e4040004000400302d040980000a4c012d9534060400a81e020237f002010002010030123010060a2b060106030f0101040041021e8e
143.179.192.1,161.0,172.28.210.68,udp,1,0,3067020103300e02024a6902020800040100020103041f301d040c502660000000031201007170020103020402f5ce1d0400040004003031040c5026600000000312010071700400a81f020237f002010002010030133011060a2b060106030f010104004103011bf1
23.247.152.1,161.0,172.28.210.68,udp,1,0,3065020103300e02024a69020205dc040100020103041e301c040c800000090300bc24114567ac02010c02035da14f0400040004003030040c800000090300bc24114567ac0400a81e020237f002010002010030123010060a2b060106030f0101040041022c27
45.153.83.231,161.0,172.28.210.68,udp,1,0,3071020103300f02024a69020300ffe304010002010304243022041180001f88800a5d6e25b6415b62000000000201110204009d60b00400040004003035041180001f88800a5d6e25b6415b62000000000400a81e020237f002010002010030123010060a2b060106030f0101040041023de1
67.63.58.1,161.0,172.28.210.68,udp,1,0,3061020103300f02024a69020300ffe3040100020103041c301a040980000a4c010a02fe010201030204023b0b2b040004000400302d040980000a4c010a02fe010400a81e020237f002010002010030123010060a2b060106030f0101040041020f27
37.139.139.24,161.0,172.28.210.68,udp,1,0,3067020103300e02024a6902022000040100020103041f301d040c0000197f00005c8382d50ac40201070204049318d60400040004003031040c0000197f00005c8382d50ac40400a81f020237f002010002010030133011060a2b060106030f01010400410300dd19
31.207.48.1,161.0,172.28.210.68,udp,1,0,3062020103300f02024a69020300ffe3040100020103041c301a040980000a4c010a0a0a2d02010102040714d389040004000400302e040980000a4c010a0a0a2d0400a81f020237f002010002010030133011060a2b060106030f0101040041030150dd
94.142.211.162,161.0,172.28.210.68,udp,1,0,3066020103300e02024a69020205dc040100020103041f301d040c800000090300f8c650cd310002010b020400fa38800400040004003030040c800000090300f8c650cd31000400a81e020237f002010002010030123010060a2b060106030f01010400410204f1
94.46.216.1,161.0,172.28.210.68,udp,1,0,3062020103300f02024a69020300ffe3040100020103041c301a040980000a4c01b9ab3008020103020400e0aba5040004000400302e040980000a4c01b9ab30080400a81f020237f002010002010030133011060a2b060106030f010104004103568af8
45.58.142.1,161.0,172.28.210.68,udp,1,0,3063020103300f02024a69020300ffe3040100020103041b3019040b800000090370ea1a5380360201000201000400040004003030040b800000090370ea1a5380360400a81f020237f002010002010030133011060a2b060106030f01010400410302dc94
195.219.138.33,161.0,172.28.210.68,udp,1,0,308181020103300e02024a69020205c0040100020103042d302b041938303030343634373236393736363536653635373437333061020206f8020401298f46040004000400303d0419383030303436343732363937363635366536353734373330610400a81e020237f002010002010030123010060a2b060106030f0101040041024146
46.29.26.1,161.0,172.28.210.68,udp,1,0,3061020103300f02024a69020300ffe3040100020103041c301a040980000a4c01b9560524020106020409fdaf23040004000400302d040980000a4c01b95605240400a81e020237f002010002010030123010060a2b060106030f0101040041027f6e
212.78.173.177,161.0,172.28.210.68,udp,1,0,3067020103300e02024a69020205dc040100020103041f301d040c80000009030000eeabf5d580020103020408d540c00400040004003031040c80000009030000eeabf5d5800400a81f020237f002010002010030133011060a2b060106030f010104004103057fdc
91.221.150.1,161.0,172.28.210.68,udp,1,0,3056020103300f02024a69020300ffe304010002010304153013040580003a8c040201000201000400040004003029040580003a8c040400a81e020237f002010002010030123010060a2b060106030f0101040041020ae4
46.17.12.1,161.0,172.28.210.68,udp,1,0,3063020103300f02024a69020300ffe3040100020103041b3019040b8000000903c08c60989dc00201000201000400040004003030040b8000000903c08c60989dc00400a81f020237f002010002010030133011060a2b060106030f01010400410325a39e
185.37.68.1,161.0,172.28.210.68,udp,1,0,306e020103300e02024a69020205dc04010002010304223020040f800063a280ec9b8b608d3b0000000102010502040c2f89540400040004003035040f800063a280ec9b8b608d3b000000010400a820020237f002010002010030143012060a2b060106030f01010400410404140c11
45.153.82.103,161.0,172.28.210.68,udp,1,0,3064020103300f02024a69020300ffe3040100020103041d301b040af5717f001c733ce1f5000201130204027d9969040004000400302f040af5717f001c733ce1f5000400a81f020237f002010002010030133011060a2b060106030f010104004103034c09
103.7.55.1,161.0,172.28.210.68,udp,1,0,3065020103300e02024a6902021194040100020103041e301c040b800007c703609c9f582e000201220204034183ec0400040004003030040b800007c703609c9f582e000400a81f020237f002010002010030133011060a2b060106030f01010400410301a1fb
93.174.93.1,161.0,172.28.210.68,udp,1,0,3064020103300f02024a69020300ffe3040100020103041d301b040af5717f444ca8c41efb00020104020401311775040004000400302f040af5717f444ca8c41efb000400a81f020237f002010002010030133011060a2b060106030f01010400410309a271
83.217.211.1,161.0,172.28.210.68,udp,1,0,3065020103300f02024a69020300ffe3040100020103041d301b040b80000a4c037c258690fd60020104020379269f0400040004003030040b80000a4c037c258690fd600400a81f020237f002010002010030133011060a2b060106030f010104004103182242
195.219.138.12,161.0,172.28.210.68,udp,1,0,308181020103300e02024a69020205c0040100020103042d302b041938303030343634373236393736363536653635373437333061020206750204010db863040004000400303d0419383030303436343732363937363635366536353734373330610400a81e020237f002010002010030123010060a2b060106030f0101040041022414
149.11.64.138,161.0,172.28.210.68,udp,1,0,3067020103300e02024a69020205dc040100020103041f301d040c800000090300001ae2b8271b02010702041545dd600400040004003031040c800000090300001ae2b8271b0400a81f020237f002010002010030133011060a2b060106030f01010400410301127b
92.60.77.1,161.0,172.28.210.68,udp,1,0,3060020103300f02024a69020300ffe3040100020103041b3019040980000a4c01c0a8ff970201010203436662040004000400302d040980000a4c01c0a8ff970400a81e020237f002010002010030123010060a2b060106030f0101040041022ce4
80.73.246.6,161.0,172.28.210.68,udp,1,0,3067020103300e02024a69020205dc040100020103041f301d040c800000090300e41f7b4ad60002010902040357e1cc0400040004003031040c800000090300e41f7b4ad6000400a81f020237f002010002010030133011060a2b060106030f0101040041030104c3
2.58.14.1,161.0,172.28.210.68,udp,1,0,3057020103300f02024a69020300ffe304010002010304153013040580003a8c04020100020100040004000400302a040580003a8c040400a81f020237f002010002010030133011060a2b060106030f0101040041030098c8
194.49.82.1,161.0,172.28.210.68,udp,1,0,3066020103300e02024a69020205dc040100020103041f301d040c800000090300700f6aae5de002010e02040209faf00400040004003030040c800000090300700f6aae5de00400a81e020237f002010002010030123010060a2b060106030f0101040041024fba
194.140.246.1,161.0,172.28.210.68,udp,1,0,3067020103300e02024a69020205dc040100020103041f301d040c80000009030058ac787ba4000201120204037d07540400040004003031040c80000009030058ac787ba4000400a81f020237f002010002010030133011060a2b060106030f01010400410301de58
77.94.241.1,161.0,172.28.210.68,udp,1,0,3068020103300e02024a69020208000401000201030420301e040d80000634b21000c4f57cef3db402010f020409154dfe0400040004003031040d80000634b21000c4f57cef3db40400a81e020237f002010002010030123010060a2b060106030f0101040041027527
194.102.39.1,161.0,172.28.210.68,udp,1,0,3063020103300f02024a69020300ffe3040100020103041b3019040b80000009035ca62dc3ed600201000201000400040004003030040b80000009035ca62dc3ed600400a81f020237f002010002010030133011060a2b060106030f01010400410303491c
45.146.4.1,161.0,172.28.210.68,udp,1,0,3071020103300f02024a69020300ffe304010002010304243022041180001f88800a5d6e25b6415b62000000000201110204009d60b00400040004003035041180001f88800a5d6e25b6415b62000000000400a81e020237f002010002010030123010060a2b060106030f0101040041023de2
185.85.208.171,161.0,172.28.210.68,udp,1,0,3066020103300e02024a6902021000040100020103041f301d040c8000000903005057a8b99d94020102020400d368770400040004003030040c8000000903005057a8b99d940400a81e020237f002010002010030123010060a2b060106030f01010400410264df
91.230.51.2,161.0,172.28.210.68,udp,1,0,3062020103300f02024a69020300ffe3040100020103041b3019040b800000090340017a395dd0020100020100040004000400302f040b800000090340017a395dd00400a81e020237f002010002010030123010060a2b060106030f01010400410229eb
23.151.136.1,161.0,172.28.210.68,udp,1,0,3063020103300f02024a69020300ffe3040100020103041d301b040af5717f2cdde94aa5490002010a020400a8556c040004000400302e040af5717f2cdde94aa549000400a81e020237f002010002010030123010060a2b060106030f01010400410268f2
85.146.192.1,161.0,172.28.210.68,udp,1,0,3065020103300e02024a69020205dc040100020103041e301c040c8000000903004ce175f9a18002010d020326e5730400040004003030040c8000000903004ce175f9a1800400a81e020237f002010002010030123010060a2b060106030f010104004102018b
149.14.142.234,161.0,172.28.210.68,udp,1,0,3066020103300e02024a69020205dc040100020103041f301d040c80000009030000a6cacf660002010a0204012f42f70400040004003030040c80000009030000a6cacf66000400a81e020237f002010002010030123010060a2b060106030f01010400410214f7
217.170.23.220,161.0,172.28.210.68,udp,1,0,3065020103300e02024a69020205dc040100020103041e301c040c8000000903006026aafd9d0002010a02034645260400040004003030040c8000000903006026aafd9d000400a81e020237f002010002010030123010060a2b060106030f010104004102027f
85.146.128.1,161.0,172.28.210.68,udp,1,0,3066020103300e02024a6902020800040100020103041f301d040c502660000000031201007171020101020402db0f400400040004003030040c5026600000000312010071710400a81e020237f002010002010030123010060a2b060106030f0101040041023396
146.71.94.1,161.0,172.28.210.68,udp,1,0,3071020103300f02024a69020300ffe304010002010304243022041180001f8880a5dbcd43de13a265000000000201010204028c163b0400040004003035041180001f8880a5dbcd43de13a265000000000400a81e020237f002010002010030123010060a2b060106030f0101040041020c3c
85.12.0.1,161.0,172.28.210.68,udp,1,0,3064020103300f02024a69020300ffe3040100020103041d301b040af5717f28993a0650dd00020112020402ad8080040004000400302f040af5717f28993a0650dd000400a81f020237f002010002010030133011060a2b060106030f010104004103014b97
185.15.209.61,161.0,172.28.210.68,udp,1,0,3063020103300f02024a69020300ffe3040100020103041b3019040b8000000903e02f6d450cc00201000201000400040004003030040b8000000903e02f6d450cc00400a81f020237f002010002010030133011060a2b060106030f010104004103016330
185.52.60.1,161.0,172.28.210.68,udp,1,0,3069020103300e02024a69020208000401000201030420301e040d80000634b29e2000101470d8f7020105020400959bf20400040004003032040d80000634b29e2000101470d8f70400a81f020237f002010002010030133011060a2b060106030f01010400410301c88b
176.74.240.17,161.0,172.28.210.68,udp,1,0,306a020103300f02024a69020300ffe30401000201030420301e040d80001f88804c37d3f56296ea4402010102040596c9500400040004003032040d80001f88804c37d3f56296ea440400a81f020237f002010002010030133011060a2b060106030f01010400410301bf2e
185.90.199.113,161.0,172.28.210.68,udp,1,0,3063020103300f02024a69020300ffe3040100020103041d301b040af5717f688bf43e380500020104020401438e45040004000400302e040af5717f688bf43e3805000400a81e020237f002010002010030123010060a2b060106030f0101040041022041
91.195.201.58,161.0,172.28.210.68,udp,1,0,3067020103300e02024a69020205dc040100020103041f301d040c80000009030000a2eea9230002012402040330a2c30400040004003031040c80000009030000a2eea923000400a81f020237f002010002010030133011060a2b060106030f01010400410301bdae
149.11.203.186,161.0,172.28.210.68,udp,1,0,3065020103300e02024a69020205dc040100020103041e301c040c80000009030040f078facbb002011002032741460400040004003030040c80000009030040f078facbb00400a81e020237f002010002010030123010060a2b060106030f0101040041020530
185.113.84.81,161.0,172.28.210.68,udp,1,0,3069020103300e02024a69020208000401000201030420301e040d80000634b29e2000101471d8f702010402040095a2140400040004003032040d80000634b29e2000101471d8f70400a81f020237f002010002010030133011060a2b060106030f010104004103016f33
46.249.63.229,161.0,172.28.210.68,udp,1,0,3063020103300f02024a69020300ffe3040100020103041d301b040af5717f001c73dac0dd000201060204031a3800040004000400302e040af5717f001c73dac0dd000400a81e020237f002010002010030123010060a2b060106030f0101040041021cac
46.30.188.1,161.0,172.28.210.68,udp,1,0,3057020103300f02024a69020300ffe304010002010304153013040580003a8c04020100020100040004000400302a040580003a8c040400a81f020237f002010002010030133011060a2b060106030f0101040041030098c9
80.82.69.1,161.0,172.28.210.68,udp,1,0,3064020103300f02024a69020300ffe3040100020103041d301b040af5717f444ca8c41efb00020104020401311776040004000400302f040af5717f444ca8c41efb000400a81f020237f002010002010030133011060a2b060106030f01010400410309a272
185.109.220.1,161.0,172.28.210.68,udp,1,0,3064020103300f02024a69020300ffe3040100020103041d301b040af5717f001c733d8201000201070204090b8698040004000400302f040af5717f001c733d8201000400a81f020237f002010002010030133011060a2b060106030f010104004103009b69
5.254.73.234,161.0,172.28.210.68,udp,1,0,3062020103300f02024a69020300ffe3040100020103041b3019040b800000090300eabd4e9b86020100020100040004000400302f040b800000090300eabd4e9b860400a81e020237f002010002010030123010060a2b060106030f01010400410230c3
81.171.32.10,161.0,172.28.210.68,udp,1,0,3064020103300f02024a69020300ffe3040100020103041d301b040af5717f28993a41de6b0002011a0204050b52af040004000400302f040af5717f28993a41de6b000400a81f020237f002010002010030133011060a2b060106030f01010400410300c478
87.195.109.194,161.0,172.28.210.68,udp,1,0,306f020103300e02024a69020205c004010002010304233021041180001f8880f8f6da7fa7dfd4610000000002010f0203101df40400040004003035041180001f8880f8f6da7fa7dfd461000000000400a81e020237f002010002010030123010060a2b060106030f0101040041020187
185.232.84.102,161.0,172.28.210.68,udp,1,0,3062020103300f02024a69020300ffe3040100020103041c301a040af5717f001c73f0488b000201010203741c48040004000400302e040af5717f001c73f0488b000400a81e020237f002010002010030123010060a2b060106030f0101040041020759
213.207.12.44,161.0,172.28.210.68,udp,1,0,3067020103300e02024a69020205dc040100020103041f301d040c8000000903007cad742e6080020105020401e73dba0400040004003031040c8000000903007cad742e60800400a81f020237f002010002010030133011060a2b060106030f01010400410300c6e4
185.246.31.1,161.0,172.28.210.68,udp,1,0,3062020103300f02024a69020300ffe3040100020103041b3019040b80000009035c838fb9e95a020100020100040004000400302f040b80000009035c838fb9e95a0400a81e020237f002010002010030123010060a2b060106030f0101040041023abb
185.62.36.18,161.0,172.28.210.68,udp,1,0,3065020103300e02024a6902021194040100020103041e301c040b800007c703cc4e244b840002011a02040bca55420400040004003030040b800007c703cc4e244b84000400a81f020237f002010002010030133011060a2b060106030f01010400410300efe0
45.93.119.1,161.0,172.28.210.68,udp,1,0,3071020103300f02024a69020300ffe304010002010304243022041180001f88800a5d6e25b6415b62000000000201110204009d60b00400040004003035041180001f88800a5d6e25b6415b62000000000400a81e020237f002010002010030123010060a2b060106030f0101040041023de3
87.209.8.1,161.0,172.28.210.68,udp,1,0,3066020103300e02024a6902020800040100020103041f301d040c502660000000010030000077020106020402e351800400040004003030040c5026600000000100300000770400a81e020237f002010002010030123010060a2b060106030f01010400410232af
46.249.62.31,161.0,172.28.210.68,udp,1,0,3062020103300f02024a69020300ffe3040100020103041b3019040b800000090300defbf05200020100020100040004000400302f040b800000090300defbf052000400a81e020237f002010002010030123010060a2b060106030f01010400410205f2
46.23.88.3,161.0,172.28.210.68,udp,1,0,3064020103300f02024a69020300ffe3040100020103041d301b040af5717f7483ef626f65000201060204062a6dcc040004000400302f040af5717f7483ef626f65000400a81f020237f002010002010030133011060a2b060106030f010104004103029023
91.103.21.1,161.0,172.28.210.68,udp,1,0,3067020103300e02024a69020205dc040100020103041f301d040c800000090300c471fec9fd800201100204101a56f20400040004003031040c800000090300c471fec9fd800400a81f020237f002010002010030133011060a2b060106030f010104004103026767
139.122.224.1,161.0,172.28.210.68,udp,1,0,3067020103300e02024a69020205dc040100020103041f301d040c8000000903000081c44e9700020108020400803ca40400040004003031040c8000000903000081c44e97000400a81f020237f002010002010030133011060a2b060106030f010104004103059da5
195.219.138.13,161.0,172.28.210.68,udp,1,0,308181020103300e02024a69020205c0040100020103042d302b0419383030303436343732363937363635366536353734373330610202053802040080605b040004000400303d0419383030303436343732363937363635366536353734373330610400a81e020237f002010002010030123010060a2b060106030f0101040041020ec8
185.28.188.6,161.0,172.28.210.68,udp,1,0,3065020103300e02024a6902021194040100020103041e301c040b800007c703cc4e244b840002011a02040bca55430400040004003030040b800007c703cc4e244b84000400a81f020237f002010002010030133011060a2b060106030f01010400410300efe1
193.111.152.1,161.0,172.28.210.68,udp,1,0,3056020103300f02024a69020300ffe304010402010304153013040580003a8c040201000201000400040004003029040580003a8c040400a81e020237f002010002010030123010060a2b060106030f0101040041027621
45.138.19.65,161.0,172.28.210.68,udp,1,0,3062020103300f02024a69020300ffe3040100020103041c301a040af5717f444ca8a621c700020128020306a74a040004000400302e040af5717f444ca8a621c7000400a81e020237f002010002010030123010060a2b060106030f01010400410202da
185.209.162.1,161.0,172.28.210.68,udp,1,0,3057020103300f02024a69020300ffe304010002010304153013040580003a8c04020100020100040004000400302a040580003a8c040400a81f020237f002010002010030133011060a2b060106030f010104004103025c91
190.2.158.157,161.0,172.28.210.68,udp,1,0,306d020103300e02024a69020205dc04010002010304223020040f800063a280ec9b8b8dc8b00000000102010202040b7ee99a0400040004003034040f800063a280ec9b8b8dc8b0000000010400a81f020237f002010002010030133011060a2b060106030f01010400410315e668
185.130.174.1,161.0,172.28.210.68,udp,1,0,3067020103300e02024a69020205dc040100020103041f301d040c8000000903000027906ebb8102010102040d4c73f20400040004003031040c8000000903000027906ebb810400a81f020237f002010002010030133011060a2b060106030f01010400410300e930
141.11.60.1,161.0,172.28.210.68,udp,1,0,3064020103300f02024a69020300ffe3040100020103041d301b040af5717f444ca847981500020101020402d7c15a040004000400302f040af5717f444ca8479815000400a81f020237f002010002010030133011060a2b060106030f0101040041030168b8
81.173.44.21,161.0,172.28.210.68,udp,1,0,3056020103300f02024a69020300ffe304010002010304153013040580003a8c040201000201000400040004003029040580003a8c040400a81e020237f002010002010030123010060a2b060106030f01010400410201f2
212.124.87.1,161.0,172.28.210.68,udp,1,0,3057020103300f02024a69020300ffe304010402010304153013040580003a8c04020100020100040004000400302a040580003a8c040400a81f020237f002010002010030133011060a2b060106030f010104004103011220
91.238.154.1,161.0,172.28.210.68,udp,1,0,3068020103300e02024a69020205dc040100020103041f301d040c8000000903002c542dfeb98002010c0204046ce5c70400040004003032040c8000000903002c542dfeb9800400a820020237f002010002010030143012060a2b060106030f01010400410400ffac96
145.145.8.6,161.0,172.28.210.68,udp,1,0,3067020103300e02024a69020205dc040100020103041f301d040c80000009030024169db437800201020204082f2cce0400040004003031040c80000009030024169db437800400a81f020237f002010002010030133011060a2b060106030f01010400410301bd0d
62.165.123.58,161.0,172.28.210.68,udp,1,0,3066020103300e02024a69020205dc040100020103041f301d040c800000090300dc774ce4ce000201020204069920e70400040004003030040c800000090300dc774ce4ce000400a81e020237f002010002010030123010060a2b060106030f01010400410255b5
185.46.28.38,161.0,172.28.210.68,udp,1,0,3067020103300e02024a69020205dc040100020103041f301d040c800000090300c47ee05ef3000201090204010066b00400040004003031040c800000090300c47ee05ef3000400a81f020237f002010002010030133011060a2b060106030f0101040041032cb485
157.97.221.254,161.0,172.28.210.68,udp,1,0,3067020103300e02024a69020205dc040100020103041f301d040c800000090300889cadcd6d0002010c020400b581dc0400040004003031040c800000090300889cadcd6d000400a81f020237f002010002010030133011060a2b060106030f010104004103290a3b
185.62.37.238,161.0,172.28.210.68,udp,1,0,3065020103300f02024a69020300ffe3040100020103041d301b040af5717fd4aff752a6af00020116020407adff000400040004003030040af5717fd4aff752a6af000400a820020237f002010002010030143012060a2b060106030f0101040041040726bdce
178.248.49.1,161.0,172.28.210.68,udp,1,0,3062020103300f02024a69020300ffe3040100020103041b3019040b8000000903a0b439a3d366020100020100040004000400302f040b8000000903a0b439a3d3660400a81e020237f002010002010030123010060a2b060106030f01010400410204e9
83.98.177.1,161.0,172.28.210.68,udp,1,0,3066020103300e02024a6902021194040100020103041f301d040b800007c703000cdbf9cf000202027a0204095f91d70400040004003030040b800007c703000cdbf9cf000400a81f020237f002010002010030133011060a2b060106030f01010400410308aee1
195.20.48.1,161.0,172.28.210.68,udp,1,0,3063020103300f02024a69020300ffe3040100020103041d301b040af5717f001c73696641000201060204019ce342040004000400302e040af5717f001c73696641000400a81e020237f002010002010030123010060a2b060106030f01010400410237ca
185.65.52.1,161.0,172.28.210.68,udp,1,0,3067020103300e02024a69020205dc040100020103041f301d040c800000090300500f8054d300020107020405e011710400040004003031040c800000090300500f8054d3000400a81f020237f002010002010030133011060a2b060106030f010104004103047a8e
81.175.64.1,161.0,172.28.210.68,udp,1,0,3064020103300e02024a6902022ee0040100020103041e301c040b800007db037858602a3d620201080204090d6b7c040004000400302f040b800007db037858602a3d620400a81e02010002010002010030133011060a2b060106030f01010400410304836a
79.124.8.1,161.0,172.28.210.68,udp,1,0,3060020103300f02024a69020300ffe3040100020103041b3019040980000a4c01c0a8ff970201010203436663040004000400302d040980000a4c01c0a8ff970400a81e020237f002010002010030123010060a2b060106030f0101040041022ce5
193.243.189.1,161.0,172.28.210.68,udp,1,0,3064020103300f02024a69020300ffe3040100020103041d301b040af5717f28993a15d9c500020101020405b00dee040004000400302f040af5717f28993a15d9c5000400a81f020237f002010002010030133011060a2b060106030f010104004103014dad
77.87.161.84,161.0,172.28.210.68,udp,1,0,3066020103300e02024a69020205dc040100020103041f301d040c8000000903003c08f6d5060002012102040125f6070400040004003030040c8000000903003c08f6d506000400a81e020237f002010002010030123010060a2b060106030f01010400410252eb
94.228.128.226,161.0,172.28.210.68,udp,1,0,3067020103300e02024a69020205dc040100020103041f301d040c80000009030024e9b3e23d18020105020404081c560400040004003031040c80000009030024e9b3e23d180400a81f020237f002010002010030133011060a2b060106030f01010400410302b3d6
45.156.48.1,161.0,172.28.210.68,udp,1,0,3064020103300e02024a69020205dc040100020103041e301c040b800063a20320fdf1e8b80402010102040691b916040004000400302f040b800063a20320fdf1e8b8040400a81e020237f002010002010030123010060a2b060106030f0101040041023651
185.138.58.232,161.0,172.28.210.68,udp,1,0,3061020103300f02024a69020300ffe3040100020103041c301a040980000a4c01b98a3b11020101020401bb68eb040004000400302d040980000a4c01b98a3b110400a81e020237f002010002010030123010060a2b060106030f0101040041021944
5.254.73.250,161.0,172.28.210.68,udp,1,0,3062020103300f02024a69020300ffe3040100020103041b3019040b800000090328ac9e395998020100020100040004000400302f040b800000090328ac9e3959980400a81e020237f002010002010030123010060a2b060106030f0101040041022c8c
178.217.80.25,161.0,172.28.210.68,udp,1,0,3060020103300f02024a69020300ffe3040100020103041b3019040980000a4c01b2d9500602010502030cbbfe040004000400302d040980000a4c01b2d950060400a81e020237f002010002010030123010060a2b060106030f0101040041020f85
103.20.101.1,161.0,172.28.210.68,udp,1,0,3064020103300f02024a69020300ffe3040100020103041d301b040af5717f7483efd7b1050002010102040163c04c040004000400302f040af5717f7483efd7b105000400a81f020237f002010002010030133011060a2b060106030f01010400410300ab52
89.149.221.226,161.0,172.28.210.68,udp,1,0,3070020103300f02024a69020300ffe304010002010304233021041180001f8880a744e54a3c51c86600000000020118020335acc90400040004003035041180001f8880a744e54a3c51c866000000000400a81e020237f002010002010030123010060a2b060106030f0101040041020129
37.114.88.132,161.0,172.28.210.68,udp,1,0,3067020103300e02024a6902020800040100020103041f301d040c0000000903005c3e06c2abe60201090204016f926c0400040004003031040c0000000903005c3e06c2abe60400a81f020237f002010002010030133011060a2b060106030f01010400410314f917
37.114.88.42,161.0,172.28.210.68,udp,1,0,3067020103300e02024a6902020800040100020103041f301d040c0000000903005c3e06c2ab20020103020401fd6f200400040004003031040c0000000903005c3e06c2ab200400a81f020237f002010002010030133011060a2b060106030f0101040041030ee37e
193.38.140.1,161.0,172.28.210.68,udp,1,0,3062020103300f02024a69020300ffe3040100020103041c301a040980000a4c01b2d95005020103020400ea704b040004000400302e040980000a4c01b2d950050400a81f020237f002010002010030133011060a2b060106030f010104004103014dae
149.6.129.249,161.0,172.28.210.68,udp,1,0,3066020103300e02024a6902021000040100020103041f301d040c0000000903003c510ea8a150020101020401d0df1c0400040004003030040c0000000903003c510ea8a1500400a81e020237f002010002010030123010060a2b060106030f0101040041021880
185.220.215.148,161.0,172.28.210.68,udp,1,0,3067020103300e02024a6902020800040100020103041f301d040c00000009030040ce243ce1600202023002030085f60400040004003031040c00000009030040ce243ce1600400a81f020237f002010002010030133011060a2b060106030f010104004103027fe8
77.91.127.1,161.0,172.28.210.68,udp,1,0,3063020103300f02024a69020300ffe3040100020103041b3019040b8000000903e02f6d450cc00201000201000400040004003030040b8000000903e02f6d450cc00400a81f020237f002010002010030133011060a2b060106030f010104004103016332
213.152.165.1,161.0,172.28.210.68,udp,1,0,3066020103300f02024a69020300ffe3040100020103041e301c040b80000a4c03ec3873d5382c020102020408a48c740400040004003030040b80000a4c03ec3873d5382c0400a81f020237f002010002010030133011060a2b060106030f0101040041030bdcf3
154.62.11.1,161.0,172.28.210.68,udp,1,0,3069020103300f02024a69020300ffe30401000201030420301e040d80001f8880143aff698e000000020101020400b254490400040004003031040d80001f8880143aff698e0000000400a81e020237f002010002010030123010060a2b060106030f010104004102049f
185.78.251.65,161.0,172.28.210.68,udp,1,0,3067020103300f02024a69020300ffe3040100020103041e301c040b800002a2038c47bea2f28f02010a0204017d23e00400040004003031040b800002a2038c47bea2f28f0400a820020237f002010002010030143012060a2b060106030f01010400410401891f13
185.164.172.1,161.0,172.28.210.68,udp,1,0,3063020103300f02024a69020300ffe3040100020103041b3019040b8000000903e02f6d450cc00201000201000400040004003030040b8000000903e02f6d450cc00400a81f020237f002010002010030133011060a2b060106030f010104004103016331
81.173.44.15,161.0,172.28.210.68,udp,1,0,3056020103300f02024a69020300ffe304010002010304153013040580003a8c040201000201000400040004003029040580003a8c040400a81e020237f002010002010030123010060a2b060106030f0101040041020fa0
83.172.164.1,161.0,172.28.210.68,udp,1,0,3067020103300e02024a69020205dc040100020103041f301d040c800000090300001c58b1f61802010902040b695e280400040004003031040c800000090300001c58b1f6180400a81f020237f002010002010030133011060a2b060106030f01010400410321166c
46.226.56.149,161.0,172.28.210.68,udp,1,0,3067020103300e02024a6902020800040100020103041f301d040c000000090300d46d502069de02010902040262ffd60400040004003031040c000000090300d46d502069de0400a81f020237f002010002010030133011060a2b060106030f01010400410301e831
185.211.211.1,161.0,172.28.210.68,udp,1,0,3068020103300e02024a69020205dc040100020103041f301d040c80000009030070b3170f0b8002010e0204011172430400040004003032040c80000009030070b3170f0b800400a820020237f002010002010030143012060a2b060106030f01010400410400ebdc67
185.37.64.1,161.0,172.28.210.68,udp,1,0,3067020103300e02024a69020205dc040100020103041f301d040c8000000903003c13ccee2680020111020404391d9c0400040004003031040c8000000903003c13ccee26800400a81f020237f002010002010030133011060a2b060106030f01010400410311e079
193.37.68.1,161.0,172.28.210.68,udp,1,0,3062020103300f02024a69020300ffe3040100020103041c301a040af5717f001c73aec7f90002010302032d6f2e040004000400302e040af5717f001c73aec7f9000400a81e020237f002010002010030123010060a2b060106030f0101040041022559
185.95.176.1,161.0,172.28.210.68,udp,1,0,3066020103300e02024a69020205dc040100020103041e301c040c80000009030058ac78268c8002011002033e08d70400040004003031040c80000009030058ac78268c800400a81f020237f002010002010030133011060a2b060106030f010104004103018333
194.76.149.126,161.0,172.28.210.68,udp,1,0,3066020103300e02024a69020205dc040100020103041f301d040c80000009030000d78f5d0700020107020400aa0d1a0400040004003030040c80000009030000d78f5d07000400a81e020237f002010002010030123010060a2b060106030f0101040041023aa2
193.238.241.186,161.0,172.28.210.68,udp,1,0,3067020103300e02024a69020205dc040100020103041f301d040c8000000903002c33119eaf800201080204071c8fb20400040004003031040c8000000903002c33119eaf800400a81f020237f002010002010030133011060a2b060106030f01010400410304150d
185.9.253.1,161.0,172.28.210.68,udp,1,0,3067020103300e02024a69020205dc040100020103041f301d040c8000000903000021d8bde8100201080204099768d10400040004003031040c8000000903000021d8bde8100400a81f020237f002010002010030133011060a2b060106030f010104004103062b03
93.184.99.161,161.0,172.28.210.68,udp,1,0,3067020103300e02024a69020205dc040100020103041f301d040c8000000903005c710daa828002010e0204058ee0720400040004003031040c8000000903005c710daa82800400a81f020237f002010002010030133011060a2b060106030f010104004103017810
31.22.87.211,161.0,172.28.210.68,udp,1,0,3066020103300e02024a6902020800040100020103041f301d040c000000090300e4c7227ec59c02010902040263703c0400040004003030040c000000090300e4c7227ec59c0400a81e020237f002010002010030123010060a2b060106030f010104004102114f
140.235.115.254,161.0,172.28.210.68,udp,1,0,3063020103300f02024a69020300ffe3040100020103041d301b040af5717f444ca89835d100020108020400ef6417040004000400302e040af5717f444ca89835d1000400a81e020237f002010002010030123010060a2b060106030f0101040041020eaf
212.222.129.98,161.0,172.28.210.68,udp,1,0,3067020103300e02024a69020205dc040100020103041f301d040c800000090300fc5b397c6b4002010502040d75326e0400040004003031040c800000090300fc5b397c6b400400a81f020237f002010002010030133011060a2b060106030f01010400410301cc49
193.29.181.1,161.0,172.28.210.68,udp,1,0,3062020103300f02024a69020300ffe3040100020103041b3019040b800000090300eabd85871a020100020100040004000400302f040b800000090300eabd85871a0400a81e020237f002010002010030123010060a2b060106030f0101040041020f46
185.90.199.117,161.0,172.28.210.68,udp,1,0,3063020103300f02024a69020300ffe3040100020103041d301b040af5717f688bf43e7f2d00020106020400d5f128040004000400302e040af5717f688bf43e7f2d000400a81e020237f002010002010030123010060a2b060106030f01010400410217f6
89.248.166.1,161.0,172.28.210.68,udp,1,0,3064020103300f02024a69020300ffe3040100020103041d301b040af5717f444ca8c41efb00020104020401311777040004000400302f040af5717f444ca8c41efb000400a81f020237f002010002010030133011060a2b060106030f01010400410309a273
217.148.190.7,161.0,172.28.210.68,udp,1,0,3063020103300f02024a69020300ffe3040100020103041b3019040b80000009034c0082d32f000201000201000400040004003030040b80000009034c0082d32f000400a81f020237f002010002010030133011060a2b060106030f0101040041030542d8
93.171.200.1,161.0,172.28.210.68,udp,1,0,306a020103300f02024a69020300ffe30401000201030420301e040d80001f88802dac2c805b45bd6902010102040ce86cb20400040004003032040d80001f88802dac2c805b45bd690400a81f020237f002010002010030133011060a2b060106030f010104004103011ace
45.9.52.1,161.0,172.28.210.68,udp,1,0,3066020103300e02024a6902022000040100020103041f301d040c800000090300cc7f76186e000201160204098e0f440400040004003030040c800000090300cc7f76186e000400a81e020237f002010002010030123010060a2b060106030f01010400410272bb
154.57.160.1,161.0,172.28.210.68,udp,1,0,3066020103300e02024a69020205dc040100020103041f301d040c8000000903003c08f6d5060002012102040125f6080400040004003030040c8000000903003c08f6d506000400a81e020237f002010002010030123010060a2b060106030f01010400410252ec
82.197.192.1,161.0,172.28.210.68,udp,1,0,3062020103300f02024a69020300ffe3040100020103041c301a040980000a4c0152c5c45302010f020408bc3259040004000400302e040980000a4c0152c5c4530400a81f020237f002010002010030133011060a2b060106030f01010400410303dede
185.133.36.77,161.0,172.28.210.68,udp,1,0,3067020103300e02024a6902020800040100020103041f301d040c0000000903005c3e06c2abe60201090204016f926c0400040004003031040c0000000903005c3e06c2abe60400a81f020237f002010002010030133011060a2b060106030f01010400410314f918
193.22.21.1,161.0,172.28.210.68,udp,1,0,3060020103300f02024a69020300ffe3040100020103041b3019040980000a4c015969c84602010502034a30d9040004000400302d040980000a4c015969c8460400a81e020237f002010002010030123010060a2b060106030f0101040041020a12
185.214.25.1,161.0,172.28.210.68,udp,1,0,3064020103300f02024a69020300ffe3040100020103041d301b040b80000a4c032093398bcb8002010902032d07c0040004000400302f040b80000a4c032093398bcb800400a81e020237f002010002010030123010060a2b060106030f01010400410203c6
185.28.188.5,161.0,172.28.210.68,udp,1,0,3065020103300e02024a6902021194040100020103041e301c040b800007c703cc4e244a870002011302040bcbad1f0400040004003030040b800007c703cc4e244a87000400a81f020237f002010002010030133011060a2b060106030f0101040041030134bd
185.51.56.1,161.0,172.28.210.68,udp,1,0,3069020103300e02024a69020208000401000201030420301e040d80000634b20400001014ddd19602010202040744dd670400040004003032040d80000634b20400001014ddd1960400a81f020237f002010002010030133011060a2b060106030f0101040041030ded23
155.2.223.1,161.0,172.28.210.68,udp,1,0,3063020103300e02024a69020245d4040100020103041d301b040b8000cda203649d99d985940201100203081076040004000400302f040b8000cda203649d99d985940400a81e020237f002010002010030123010060a2b060106030f010104004102008e
46.244.2.59,161.0,172.28.210.68,udp,1,0,3065020103300e02024a69020205dc040100020103041e301c040c800000090300001193b7a61b02010402032a74e40400040004003030040c800000090300001193b7a61b0400a81e020237f002010002010030123010060a2b060106030f01010400410202aa
95.142.41.1,161.0,172.28.210.68,udp,1,0,3063020103300f02024a69020300ffe3040100020103041b3019040b800000090330f70d9ee0e00201000201000400040004003030040b800000090330f70d9ee0e00400a81f020237f002010002010030133011060a2b060106030f010104004103012b7e
79.98.241.250,161.0,172.28.210.68,udp,1,0,3056020103300f02024a69020300ffe304010002010304153013040580003a8c040201000201000400040004003029040580003a8c040400a81e020237f002010002010030123010060a2b060106030f010104004102040a
151.243.99.1,161.0,172.28.210.68,udp,1,0,3064020103300f02024a69020300ffe3040100020103041d301b040af5717f444ca847981500020101020402d7c15b040004000400302f040af5717f444ca8479815000400a81f020237f002010002010030133011060a2b060106030f0101040041030168b9
31.22.87.187,161.0,172.28.210.68,udp,1,0,3062020103300f02024a69020300ffe3040100020103041c301a040980000a4c01b9ab3008020103020400e0aba7040004000400302e040980000a4c01b9ab30080400a81f020237f002010002010030133011060a2b060106030f010104004103568af9
95.214.24.2,161.0,172.28.210.68,udp,1,0,3066020103300e02024a69020205dc040100020103041f301d040c800000090300401482eb0d0002011a020400ad05770400040004003030040c800000090300401482eb0d000400a81e020237f002010002010030123010060a2b060106030f010104004102120c
213.152.188.1,161.0,172.28.210.68,udp,1,0,3066020103300f02024a69020300ffe3040100020103041e301c040b80000a4c030c599c5a1400020104020408e23b8e0400040004003030040b80000a4c030c599c5a14000400a81f020237f002010002010030133011060a2b060106030f01010400410304ad25
185.43.220.1,161.0,172.28.210.68,udp,1,0,3063020103300e02024a6902021194040100020103041d301b040b800007c703cc4e246df00002010002031e9aae040004000400302f040b800007c703cc4e246df0000400a81e020237f002010002010030123010060a2b060106030f0101040041020d00
194.87.191.1,161.0,172.28.210.68,udp,1,0,3065020103300f02024a69020300ffe3040100020103041d301b040b80000a4c037c258690fd6002010402037926a10400040004003030040b80000a4c037c258690fd600400a81f020237f002010002010030133011060a2b060106030f010104004103182243
185.95.31.1,161.0,172.28.210.68,udp,1,0,3062020103300f02024a69020300ffe3040100020103041c301a040af5717f001c732b685600020108020306fa15040004000400302e040af5717f001c732b6856000400a81e020237f002010002010030123010060a2b060106030f01010400410202d6
213.174.146.124,161.0,172.28.210.68,udp,1,0,3062020103300f02024a69020300ffe3040100020103041b3019040b8000000903f80bcb9e98fa020100020100040004000400302f040b8000000903f80bcb9e98fa0400a81e020237f002010002010030123010060a2b060106030f0101040041023383
79.98.241.114,161.0,172.28.210.68,udp,1,0,3062020103300f02024a69020300ffe3040100020103041b3019040b80000009030027e393ac00020100020100040004000400302f040b80000009030027e393ac000400a81e020237f002010002010030123010060a2b060106030f01010400410216b0
145.15.245.10,161.0,172.28.210.68,udp,1,0,3066020103300e02024a69020205dc040100020103041f301d040c8000000903007426ac7ceb0002010602040402d2570400040004003030040c8000000903007426ac7ceb000400a81e020237f002010002010030123010060a2b060106030f0101040041025144
194.145.208.1,161.0,172.28.210.68,udp,1,0,306f020103300e02024a69020205dc040100020103042a3028040b8000000b034431922ea1f10201030204031c5f310400040c0000000000000000000000000400302e040b8000000b034431922ea1f10400a81d02010002010002010030123010060a2b060106030f0101040041025bd4
92.119.56.1,161.0,172.28.210.68,udp,1,0,3057020103300f02024a69020300ffe304010402010304153013040580003a8c04020100020100040004000400302a040580003a8c040400a81f020237f002010002010030133011060a2b060106030f010104004103009cd9
85.146.0.1,161.0,172.28.210.68,udp,1,0,3067020103300e02024a6902020800040100020103041f301d040c502660000000031201007170020103020402f5ce200400040004003031040c5026600000000312010071700400a81f020237f002010002010030133011060a2b060106030f010104004103011bf2
185.85.209.221,161.0,172.28.210.68,udp,1,0,3071020103300f02024a69020300ffe304010002010304243022041180001f88800a5d6e25b6415b62000000000201110204009d60b30400040004003035041180001f88800a5d6e25b6415b62000000000400a81e020237f002010002010030123010060a2b060106030f0101040041023de4
206.71.158.1,161.0,172.28.210.68,udp,1,0,3063020103300f02024a69020300ffe3040100020103041d301b040af5717f2cdde94aa5490002010a020400a8556e040004000400302e040af5717f2cdde94aa549000400a81e020237f002010002010030123010060a2b060106030f01010400410268f3
87.195.79.81,161.0,172.28.210.68,udp,1,0,3062020103300f02024a69020300ffe3040100020103041b3019040b80000009035451de26b110020100020100040004000400302f040b80000009035451de26b1100400a81e020237f002010002010030123010060a2b060106030f0101040041021490
145.145.4.162,161.0,172.28.210.68,udp,1,0,3063020103300e02024a6902022ee0040100020103041e301c040b800007db03749d8f4b49010201080204023b08ce040004000400302e040b800007db03749d8f4b49010400a81d02010002010002010030123010060a2b060106030f0101040041020a6e
141.11.62.1,161.0,172.28.210.68,udp,1,0,3063020103300f02024a69020300ffe3040100020103041b3019040b8000000903bc26c79dca400201000201000400040004003030040b8000000903bc26c79dca400400a81f020237f002010002010030133011060a2b060106030f0101040041030a7354
213.53.106.2,161.0,172.28.210.68,udp,1,0,305d020103300f02024a69020300ffe3040100020103041930170406010079004012020104020407741244040004000400302c04060100790040120400a820020237f002010002010030143012060a2b060106030f01010400410403346f8c
185.139.148.1,161.0,172.28.210.68,udp,1,0,3063020103300f02024a69020300ffe3040100020103041b3019040b8000000903f80f6fe4c6500201000201000400040004003030040b8000000903f80f6fe4c6500400a81f020237f002010002010030133011060a2b060106030f01010400410307b8fb
31.22.82.43,161.0,172.28.210.68,udp,1,0,3067020103300e02024a69020205dc040100020103041f301d040c800000090300b4de31ce9400020106020403c29bbe0400040004003031040c800000090300b4de31ce94000400a81f020237f002010002010030133011060a2b060106030f01010400410300b126
202.27.114.1,161.0,172.28.210.68,udp,1,0,3063020103300f02024a69020300ffe3040100020103041d301b040af5717f2cdde94aa5490002010a020400a8556f040004000400302e040af5717f2cdde94aa549000400a81e020237f002010002010030123010060a2b060106030f01010400410268f4
94.102.49.1,161.0,172.28.210.68,udp,1,0,3064020103300f02024a69020300ffe3040100020103041d301b040af5717f444ca8c41efb00020104020401311779040004000400302f040af5717f444ca8c41efb000400a81f020237f002010002010030133011060a2b060106030f01010400410309a277
178.170.148.1,161.0,172.28.210.68,udp,1,0,3056020103300f02024a69020300ffe304010402010304153013040580003a8c040201000201000400040004003029040580003a8c040400a81e020237f002010002010030123010060a2b060106030f01010400410243db
80.82.68.1,161.0,172.28.210.68,udp,1,0,3064020103300f02024a69020300ffe3040100020103041d301b040af5717f444ca8c41efb00020104020401311779040004000400302f040af5717f444ca8c41efb000400a81f020237f002010002010030133011060a2b060106030f01010400410309a276
46.231.22.210,161.0,172.28.210.68,udp,1,0,3056020103300f02024a69020300ffe304010002010304153013040580003a8c040201000201000400040004003029040580003a8c040400a81e020237f002010002010030123010060a2b060106030f0101040041021336
185.238.52.1,161.0,172.28.210.68,udp,1,0,3068020103300e02024a69020205dc0401000201030420301e040c80000009030028ac9e0e91000202008f02040502cfb80400040004003031040c80000009030028ac9e0e91000400a81f020237f002010002010030133011060a2b060106030f0101040041030647c2
195.219.136.120,161.0,172.28.210.68,udp,1,0,308181020103300e02024a69020205c0040100020103042d302b041938303030343634373236393736363536653635373437333061020206f8020401298f49040004000400303d0419383030303436343732363937363635366536353734373330610400a81e020237f002010002010030123010060a2b060106030f0101040041024147
213.207.15.108,161.0,172.28.210.68,udp,1,0,3068020103300e02024a69020205dc040100020103041f301d040c80000009030000a3d13c6000020112020403d3f8000400040004003032040c80000009030000a3d13c60000400a820020237f002010002010030143012060a2b060106030f01010400410400c45f00
212.61.142.57,161.0,172.28.210.68,udp,1,0,3062020103300f02024a69020300ffe3040100020103041c301a040af5717f2cdde9da8b090002010d020348b5af040004000400302e040af5717f2cdde9da8b09000400a81e020237f002010002010030123010060a2b060106030f0101040041022719
194.171.41.1,161.0,172.28.210.68,udp,1,0,3065020103300e02024a69020205dc040100020103041e301c040c80000009030070ca9be928fa020154020306ac390400040004003030040c80000009030070ca9be928fa0400a81e020237f002010002010030123010060a2b060106030f01010400410200d9
185.121.93.1,161.0,172.28.210.68,udp,1,0,3063020103300f02024a69020300ffe3040100020103041b3019040b8000000903e8eb347a4d200201000201000400040004003030040b8000000903e8eb347a4d200400a81f020237f002010002010030133011060a2b060106030f0101040041033c93ec
81.171.96.1,161.0,172.28.210.68,udp,1,0,3064020103300f02024a69020300ffe3040100020103041d301b040af5717f444ca88d95d300020117020404cc1f69040004000400302f040af5717f444ca88d95d3000400a81f020237f002010002010030133011060a2b060106030f01010400410305274c
82.163.40.1,161.0,172.28.210.68,udp,1,0,3060020103300f02024a69020300ffe3040100020103041b3019040980000a4c012d95340602010902034d47e7040004000400302d040980000a4c012d9534060400a81e020237f002010002010030123010060a2b060106030f0101040041021e8f
185.74.184.1,161.0,172.28.210.68,udp,1,0,3065020103300e02024a6902020800040100020103041e301c040c0000000903008478ac4a1e8402010202030c5c2b0400040004003030040c0000000903008478ac4a1e840400a81e020237f002010002010030123010060a2b060106030f0101040041020fe0
193.169.106.1,161.0,172.28.210.68,udp,1,0,3057020103300f02024a69020300ffe304010002010304153013040580003a8c04020100020100040004000400302a040580003a8c040400a81f020237f002010002010030133011060a2b060106030f01010400410300824b
185.180.196.1,161.0,172.28.210.68,udp,1,0,3057020103300f02024a69020300ffe304010002010304153013040580003a8c04020100020100040004000400302a040580003a8c040400a81f020237f002010002010030133011060a2b060106030f010104004103025c92
195.191.1.1,161.0,172.28.210.68,udp,1,0,3067020103300e02024a69020205dc040100020103041f301d040c800000090300008e73df0e0002010c020402d4c19a0400040004003031040c800000090300008e73df0e000400a81f020237f002010002010030133011060a2b060106030f010104004103088ac2
185.61.54.1,161.0,172.28.210.68,udp,1,0,3063020103300f02024a69020300ffe3040100020103041b3019040b80000009031c6a7a6af5a00201000201000400040004003030040b80000009031c6a7a6af5a00400a81f020237f002010002010030133011060a2b060106030f010104004103353a70
185.28.188.1,161.0,172.28.210.68,udp,1,0,3065020103300e02024a6902021194040100020103041e301c040b800007c703cc4e244a870002011302040bcbad210400040004003030040b800007c703cc4e244a87000400a81f020237f002010002010030133011060a2b060106030f0101040041030134be
80.84.254.23,161.0,172.28.210.68,udp,1,0,3067020103300e02024a69020205dc040100020103041f301d040c800000090300001873b8540c0201060204144452160400040004003031040c800000090300001873b8540c0400a81f020237f002010002010030133011060a2b060106030f0101040041032823c9
193.169.170.1,161.0,172.28.210.68,udp,1,0,3057020103300f02024a69020300ffe304010002010304153013040580003a8c04020100020100040004000400302a040580003a8c040400a81f020237f002010002010030133011060a2b060106030f01010400410300824c
85.92.145.1,161.0,172.28.210.68,udp,1,0,3066020103300e02024a6902021194040100020103041f301d040b800007c703000cdbf9cf000202027a0204095f91d80400040004003030040b800007c703000cdbf9cf000400a81f020237f002010002010030133011060a2b060106030f01010400410308aee2
80.82.65.1,161.0,172.28.210.68,udp,1,0,3064020103300f02024a69020300ffe3040100020103041d301b040af5717f444ca8c41efb00020104020401311778040004000400302f040af5717f444ca8c41efb000400a81f020237f002010002010030133011060a2b060106030f01010400410309a274
80.73.246.1,161.0,172.28.210.68,udp,1,0,3068020103300e02024a69020205dc0401000201030420301e040c80000009030028ac9e0e91000202008f02040502cfb70400040004003031040c80000009030028ac9e0e91000400a81f020237f002010002010030133011060a2b060106030f0101040041030647c0
185.51.56.54,161.0,172.28.210.68,udp,1,0,3069020103300e02024a69020208000401000201030420301e040d80000634b20400001014ddd19602010202040744dd680400040004003032040d80000634b20400001014ddd1960400a81f020237f002010002010030133011060a2b060106030f0101040041030ded24
185.75.170.2,161.0,172.28.210.68,udp,1,0,3062020103300f02024a69020300ffe3040100020103041c301a040af5717ffc59c0444ddb0002010702032521eb040004000400302e040af5717ffc59c0444ddb000400a81e020237f002010002010030123010060a2b060106030f0101040041020cdf
45.156.158.1,161.0,172.28.210.68,udp,1,0,3062020103300f02024a69020300ffe3040100020103041b3019040b8000000903b4de31161dec020100020100040004000400302f040b8000000903b4de31161dec0400a81e020237f002010002010030123010060a2b060106030f0101040041020a23
195.219.136.118,161.0,172.28.210.68,udp,1,0,308181020103300e02024a69020205c0040100020103042d302b041938303030343634373236393736363536653635373437333061020206750204010db868040004000400303d0419383030303436343732363937363635366536353734373330610400a81e020237f002010002010030123010060a2b060106030f01010400410222f9
77.73.224.56,161.0,172.28.210.68,udp,1,0,3067020103300e02024a69020205dc040100020103041f301d040c800000090300e41f7b4ad60002010902040357e1d00400040004003031040c800000090300e41f7b4ad6000400a81f020237f002010002010030133011060a2b060106030f0101040041030104c4
45.58.153.1,161.0,172.28.210.68,udp,1,0,3063020103300f02024a69020300ffe3040100020103041b3019040b800000090370ea1a5380360201000201000400040004003030040b800000090370ea1a5380360400a81f020237f002010002010030133011060a2b060106030f01010400410302dc95
77.81.120.1,161.0,172.28.210.68,udp,1,0,306f020103300e02024a69020205dc040100020103042a3028040b8000000b034431922ea1f10201030204031c5f310400040c0000000000000000000000000400302e040b8000000b034431922ea1f10400a81d02010002010002010030123010060a2b060106030f0101040041025bd5
92.249.24.253,161.0,172.28.210.68,udp,1,0,3067020103300e02024a69020205dc040100020103041f301d040c80000009030058bfea55c98102010e020404f9a7770400040004003031040c80000009030058bfea55c9810400a81f020237f002010002010030133011060a2b060106030f0101040041037a17b9
94.142.241.28,161.0,172.28.210.68,udp,1,0,3064020103300f02024a69020300ffe3040100020103041d301b040b80001f880352540020b67f02010802031a8718040004000400302f040b80001f880352540020b67f0400a81e020237f002010002010030123010060a2b060106030f0101040041020257
