ip,enterprise,engineIDFormat,engineIDData,snmpEngineBoots,snmpEngineTime
87.212.78.1,1344692224,,,3,679d23h59m5s
154.45.50.1,9,3,74:a0:2f:13:98:c0,1,1140d10h54m36s
45.58.140.1,9,3,70:ea:1a:53:80:36,0,0d0h0m0s
91.230.46.97,1588,178,,6,1055d0h41m48s
213.152.188.1,2636,3,0c:59:9c:5a:14:00,4,1720d20h20m1s
185.78.251.65,674,3,8c:47:be:a2:f2:8f,10,284d21h38m4s
50.118.225.1,2636,1,,1,46d22h10m20s
194.140.246.4,9,3,58:ac:78:7b:a4:00,18,673d4h16m50s
94.231.249.1,9,3,00:07:0e:0f:2f:44,3,122d7h4m11s
77.221.132.1,9,3,30:f7:0d:9e:e0:e0,0,0d0h0m0s
91.214.148.2,9,3,28:ac:9e:0e:91:00,143,968d20h3m30s
149.5.4.1,1991,3,74:8e:f8:22:7e:80,157,618d21h47m43s
193.151.184.1,14988,4,,0,0d0h0m0s
31.134.201.2,9,3,64:16:8d:84:54:81,5,921d0h6m51s
103.20.101.1,1970372468,131,,1,265d15h26m33s
5.8.44.1,9,,,12,316d2h34m20s
46.16.38.1,1588,178,,1,1144d21h37m8s
213.34.112.1,9,3,28:52:61:29:c8:00,5,247d14h2m49s
194.69.16.249,9,3,00:0a:8a:f0:e4:c1,10,1682d0h14m42s
185.117.76.1,2636,4,,15,224d7h48m48s
62.32.32.204,9,3,2c:33:11:c7:45:50,11,875d1h8m1s
89.149.222.214,8072,128,,6,120d1h51m40s
37.114.88.134,9,,,2,547d5h56m40s
45.135.58.1,52642,3,64:9d:99:d1:fd:8b,44,988d0h22m9s
178.217.100.1,9,3,30:f7:0d:9e:e0:e0,0,0d0h0m0s
81.173.44.1,9,,,2,547d5h56m40s
37.46.122.1,1970372352,28,,4,1124d3h8m13s
212.78.206.169,9,3,c4:64:13:15:44:b0,3,126d2h39m15s
145.131.155.50,9,3,88:5a:92:63:77:00,1,4006d9h18m0s
217.170.23.172,9,3,a4:93:4c:30:c0:00,8,1995d22h40m8s
193.169.170.1,14988,4,,0,0d0h0m0s
149.14.142.234,9,3,00:a6:ca:cf:66:00,10,225d19h53m56s
185.66.106.2,9,3,00:42:68:58:01:00,18,522d14h24m40s
95.99.132.1,1344692224,,,6,562d14h15m30s
193.38.140.1,2636,1,,3,173d15h0m55s
185.144.224.1,9,3,00:3a:9c:26:94:40,0,0d0h0m0s
185.29.203.41,1970372352,28,,6,2223d18h22m18s
213.132.206.1,14988,4,,0,0d0h0m0s
31.201.224.1,1344692224,,,2,570d15h23m10s
217.148.168.11,9,3,54:7f:ee:3f:30:c0,0,0d0h0m0s
46.243.100.1,9,3,b4:de:31:ef:59:80,6,583d17h23m39s
82.163.42.1,2636,1,,9,54d10h2m42s
185.162.56.1,1970372352,28,,4,59d19h2m34s
185.220.215.149,9,,,8,345d1h12m43s
2.58.165.1,14988,4,,0,0d0h0m0s
185.52.60.1,1588,178,,5,109d6h44m32s
94.102.48.1,1970372420,76,,4,227d5h12m46s
154.54.13.62,942682160,,,1784,221d12h5m56s
80.231.152.12,942682160,,,1336,93d4h12m40s
103.7.55.1,1991,3,60:9c:9f:58:2e:00,34,628d0h52m17s
45.84.31.1,9,3,a4:6c:2a:a2:77:00,0,0d0h0m0s
178.237.59.78,1970372396,221,,9,239d3h22m54s
185.29.203.233,1970372352,28,,6,2223d18h22m45s
113.212.72.1,2636,1,,3,166d5h11m31s
62.179.31.22,9,3,6c:13:d5:3a:37:30,16,208d3h10m51s
178.170.152.1,14988,4,,0,0d0h0m0s
193.28.62.54,1970372352,28,,5,407d16h19m17s
185.202.253.1,1588,178,,2,1407d7h11m8s
185.29.203.57,1970372352,28,,6,2223d18h22m18s
37.140.232.1,1991,3,cc:4e:24:4c:0a:00,21,1907d17h55m23s
89.22.192.1,9,,,12,252d7h11m26s
89.248.164.1,1970372420,76,,4,227d5h12m46s
81.173.44.8,14988,4,,0,0d0h0m0s
185.186.246.1,2636,3,88:a2:5e:e6:56:00,4,2300d6h26m12s
193.108.69.1,9,3,74:86:0b:bc:3c:80,8,401d15h50m25s
37.153.127.23,1970372468,131,,34,155d20h0m53s
154.14.126.187,9,3,2c:33:11:e4:2d:3f,14,1823d6h10m56s
87.195.0.13,9,3,54:51:de:26:b1:10,0,0d0h0m0s
109.104.153.1,1970372420,76,,1,1100d5h24m2s
213.152.176.1,2636,3,ec:38:73:d5:38:2c,2,1674d1h24m32s
185.209.161.1,14988,4,,0,0d0h0m0s
193.53.90.1,2636,1,,5,5d11h0m43s
185.248.68.1,14988,4,,0,0d0h0m0s
46.229.160.30,9,3,6c:b2:ae:60:15:10,0,0d0h0m0s
212.222.130.214,25506,128,,3,17d1h20m47s
92.118.206.123,1970372396,221,,10,123d11h36m42s
95.142.97.59,9,,,1,712d3h27m1s
213.227.128.143,8072,128,,53,29d2h52m57s
194.31.131.1,9,3,4c:00:82:a0:72:00,11,745d21h13m18s
185.226.138.1,9,3,5c:83:8f:b9:e9:5a,0,0d0h0m0s
93.174.90.1,1970372420,76,,4,227d5h12m46s
37.139.137.121,9,3,00:87:64:63:fa:40,6,2180d23h6m12s
37.153.127.7,1970372468,131,,34,155d20h0m53s
138.124.3.1,2636,3,7c:25:86:90:fd:60,4,87d16h40m28s
149.6.0.50,2636,1,,4,2603d5h19m54s
195.191.1.1,9,3,00:8e:73:df:0e:00,12,545d12h58m29s
104.156.136.248,8072,128,,6,221d4h54m16s
109.120.154.1,9,3,30:f7:0d:9e:e0:e0,0,0d0h0m0s
212.72.43.146,1991,3,cc:4e:24:4b:82:00,23,2306d4h58m4s
213.168.241.2,9,3,2c:54:2d:2b:71:78,2,566d2h33m59s
212.124.87.15,8072,128,,23,64d3h15m49s
138.124.30.1,2636,3,7c:25:86:90:fd:60,4,87d16h40m28s
212.45.61.97,369629558,,,1,1816d6h10m43s
95.142.108.75,9,3,00:b7:71:71:2b:00,23,1194d3h5m25s
193.118.48.209,1970372448,107,,5,310d7h28m5s
185.187.12.198,25506,128,,5,2362d0h37m7s
194.102.39.1,9,3,5c:a6:2d:c3:ed:60,0,0d0h0m0s
170.62.240.1,1970372396,221,,10,123d11h36m42s
194.69.28.226,9,3,ac:f2:c5:39:26:00,17,7d2h4m13s
185.187.12.93,1991,3,00:0c:db:f9:cf:00,634,1815d22h1m14s
212.192.9.1,2636,3,7c:25:86:90:fd:60,4,87d16h40m28s
95.140.80.1,8072,128,,67,301d3h36m5s
154.62.11.1,8072,128,,1,131d1h34m30s
185.226.108.8,2636,1,,1,1398d3h52m35s
213.34.96.1,9,3,94:d4:69:54:ac:00,42,311d13h40m58s
31.7.4.1,9,3,00:3a:9c:26:94:40,0,0d0h0m0s
188.93.116.1,8072,128,,2,1d22h27m27s
64.29.137.34,9,3,64:12:25:ce:7b:40,3,600d0h11m16s
94.231.251.1,9,3,00:21:d8:bd:e8:10,8,1858d6h33m18s
79.98.240.9,8072,128,,44,178d5h18m39s
185.249.4.1,9,3,00:be:75:95:85:80,2,1039d16h44m28s
77.250.0.1,9,3,00:a2:89:26:70:00,8,312d15h14m17s
62.165.122.5,9,3,5c:3e:06:e1:11:6c,0,0d0h0m0s
149.6.129.162,2636,1,,1,715d2h41m19s
62.40.127.185,2636,1,,27,754d1h45m39s
195.219.138.30,942682160,,,1784,221d12h5m56s
194.87.219.1,2636,3,7c:25:86:90:fd:60,4,87d16h40m28s
45.88.201.1,1970372392,153,,1,1100d5h51m12s
37.139.140.189,8072,128,,17,115d4h9m44s
185.209.39.1,9,3,44:b6:be:d1:1f:f6,0,0d0h0m0s
185.232.160.1,2636,1,,3,166d5h11m31s
80.82.68.1,1970372420,76,,4,227d5h12m46s
37.139.139.5,6527,,,7,884d2h21m40s
83.172.164.1,9,3,00:1c:58:b1:f6:18,9,2211d17h4m10s
213.168.241.6,9,3,2c:54:2d:15:e3:98,2,566d1h47m20s
45.138.127.1,8072,128,,56,911d22h46m2s
45.133.116.1,9,3,88:43:e1:a4:46:00,8,724d14h57m56s
37.48.104.42,9,3,58:bf:ea:55:c9:81,14,961d21h21m22s
45.154.46.1,9,,,2,5d4h11m51s
80.73.246.2,9,3,6c:b2:ae:d0:ff:00,30,638d22h33m21s
45.58.141.1,9,3,70:ea:1a:53:80:36,0,0d0h0m0s
5.39.168.1,9,3,00:2c:c8:01:e4:80,6,1711d15h14m1s
145.145.0.175,25506,128,,2,1539d4h14m7s
82.163.41.1,2636,1,,7,61d10h1m53s
62.59.51.98,9,3,28:af:fd:7a:a7:80,2,176d2h41m45s
212.45.44.170,9,238,,16,115d13h8m34s
46.249.63.229,1970372352,28,,6,598d5h30m6s
81.4.96.1,9,3,00:18:73:b8:54:0c,6,3931d5h41m5s
212.124.87.1,14988,4,,0,0d0h0m0s
185.121.13.1,1970372352,28,,3,30d6h17m26s
45.141.60.1,14988,4,,0,0d0h0m0s
80.82.67.1,1970372420,76,,4,227d5h12m47s
46.231.22.210,14988,4,,0,0d0h0m0s
178.217.80.25,2636,1,,5,5d11h0m43s
185.89.152.1,9,3,58:ac:78:26:90:80,11,1137d16h20m53s
77.221.133.1,9,3,30:f7:0d:9e:e0:e0,0,0d0h0m0s
185.94.244.1,1588,178,,4,786d5h7m37s
45.128.232.1,1970372352,28,,3,30d6h17m26s
185.173.234.1,1970372420,76,,4,227d5h12m47s
185.149.36.1,2011,3,f4:e5:f2:e6:fe:db,2,1730d7h22m46s
185.62.36.1,1991,3,cc:4e:24:4b:82:00,23,2306d4h58m4s
104.167.0.1,9,3,a4:93:4c:da:90:80,10,2745d2h6m24s
149.11.65.89,8072,128,,1,318d3h33m37s
45.149.52.7,9,,,7,793d5h27m43s
213.152.167.1,2636,3,0c:59:9c:5c:62:00,1,1719d15h27m20s
185.113.84.210,1588,178,,0,495d22h3m39s
147.45.114.1,1970372352,28,,3,30d6h17m26s
157.97.196.1,9,3,24:16:1b:b0:f8:80,8,492d3h37m36s
31.22.87.211,9,,,9,459d14h5m13s
45.149.52.6,2636,1,,9,54d10h2m42s
81.22.134.1,9,3,58:f3:9c:8d:9a:87,34,1241d0h17m28s
79.99.128.1,1991,3,00:0c:db:f9:cf:00,634,1815d22h1m14s
185.28.188.6,1991,3,cc:4e:24:4b:84:00,26,2285d6h15m51s
185.6.207.122,9,3,58:8b:1c:9c:06:00,8,211d8h4m57s
193.254.214.70,9,3,00:1e:7a:58:5d:a8,16,173d8h50m41s
202.162.49.1,9,3,94:0d:4b:5e:ad:40,4,18d19h2m9s
194.69.28.245,9,3,c0:67:af:3f:b5:a4,8,145d14h28m30s
185.249.40.1,9,3,28:ac:9e:0e:91:00,143,968d20h3m31s
185.113.84.81,1588,178,,4,109d7h10m42s
134.19.179.1,2636,3,0c:59:9c:5c:71:00,4,631d22h54m12s
46.231.22.162,1588,178,,4,786d5h7m37s
185.68.173.201,9,,,23,478d3h38m36s
151.243.11.1,2636,1,,1,46d22h10m21s
149.11.203.186,9,3,40:f0:78:fa:cb:b0,16,25d13h48m3s
87.209.18.1,1344692224,,,6,568d13h49m28s
195.219.147.85,942682160,,,1784,221d12h5m56s
194.31.131.42,9,3,4c:00:82:a0:72:00,11,745d21h13m18s
185.121.94.1,9,3,e8:eb:34:7a:4d:20,0,0d0h0m0s
206.71.158.1,1970372396,221,,10,123d11h36m42s
212.61.142.57,1970372396,221,,13,50d22h49m47s
89.248.168.1,1970372420,76,,4,227d5h12m47s
134.19.188.1,2636,3,ec:38:73:d5:38:2c,2,1674d1h24m32s
194.31.131.65,9,3,00:3a:7d:45:9f:00,6,8902d14h40m53s
185.253.28.1,9,3,00:27:90:ef:b1:20,69,287d8h48m56s
198.140.141.1,1970372392,153,,1,1100d5h51m12s
45.93.119.1,8072,128,,17,115d4h9m44s
145.145.4.138,9,3,e4:c7:22:06:11:c3,0,0d0h0m0s
37.120.238.1,9,3,5c:a6:2d:c3:ed:60,0,0d0h0m0s
185.85.208.149,9,3,50:57:a8:b9:9d:94,2,156d3h45m23s
195.69.225.1,14988,4,,0,0d0h0m0s
185.62.36.22,1991,3,cc:4e:24:4b:84:00,26,2285d6h15m51s
77.83.182.164,9,3,c0:8c:60:c2:2d:00,4,906d13h27m26s
185.62.36.8,1991,3,cc:4e:24:4a:87:00,19,2286d6h42m59s
85.92.139.1,1991,3,00:0c:db:f9:cf:00,634,1815d22h1m14s
45.142.192.1,2636,1,,1,46d22h10m21s
194.69.31.1,9,3,a4:93:4c:30:c0:00,8,1995d22h40m8s
185.51.56.1,1588,178,,2,1407d7h12m4s
217.148.190.21,9,3,c0:8c:60:a6:ed:20,0,0d0h0m0s
185.222.57.1,2636,3,0c:59:9c:5c:62:00,1,1719d15h27m20s
213.207.11.132,9,3,00:ee:ab:03:91:80,26,6d23h39m11s
94.231.242.1,9,3,00:21:d8:bd:e8:10,8,1858d6h33m18s
185.91.94.1,2636,1,,3,166d5h11m31s
31.187.192.1,1344692224,,,11,568d13h42m30s
185.53.91.1,1970372352,28,,1,9d5h53m42s
46.249.55.207,1970372564,175,,3,1667d5h43m35s
154.51.12.18,14988,4,,0,0d0h0m0s
87.212.212.1,1344692224,,,3,557d1h15m22s
89.20.160.126,2636,1,,1,1398d3h52m35s
45.58.142.1,9,3,70:ea:1a:53:80:36,0,0d0h0m0s
124.155.251.1,1970372352,28,,6,96d19h16m7s
87.236.2.166,9,3,14:84:73:e6:6d:80,10,321d4h17m37s
83.98.224.166,9,3,b0:c5:3c:e4:b6:00,12,359d15h50m49s
80.246.207.109,9,,,9,459d6h5m40s
195.219.138.0,942682160,,,1653,200d9h17m55s
213.73.128.1,9,3,94:d4:69:54:ac:00,42,311d13h40m58s
185.194.249.1,14988,4,,0,0d0h0m0s
217.114.170.125,9,3,6c:03:09:d9:fc:80,16,1417d5h35m1s
83.98.225.164,9,3,28:af:fd:10:b0:00,16,118d19h14m24s
37.114.88.103,9,,,1,712d3h27m2s
37.114.88.194,9,,,2,5d4h11m52s
45.91.69.3,9,3,c0:67:af:3f:b5:74,8,1037d6h28m29s
185.224.145.17,8072,128,,148,13d7h30m1s
194.145.208.1,11,3,44:31:92:2e:a1:f1,3,599d20h41m51s
81.171.32.6,1970372548,202,,13,968d5h43m22s
45.80.159.1,9,3,e0:0e:da:a9:01:06,0,0d0h0m0s
79.98.241.250,14988,4,,0,0d0h0m0s
147.12.0.1,9,,,15,1052d14h51m46s
46.249.62.31,9,3,00:de:fb:f0:52:00,0,0d0h0m0s
91.231.184.129,9,3,34:ed:1b:b4:2f:00,65,127d1h24m37s
91.238.155.1,9,3,78:0c:f0:26:45:40,0,0d0h0m0s
194.102.239.17,9,3,6c:ab:05:38:4d:00,10,792d19h11m12s
83.247.110.129,9,3,00:17:94:19:7c:44,21,1633d11h37m13s
194.178.8.2,9,3,70:ea:1a:8c:0b:e0,6,1444d0h44m53s
185.6.160.1,1991,3,60:9c:9f:45:e2:33,16,742d14h42m6s
89.184.160.194,2636,1,,3,173d15h0m56s
23.247.152.1,9,3,bc:24:11:45:67:ac,12,66d19h40m30s
37.235.8.1,9,3,cc:ef:48:ea:d7:00,7,254d6h14m43s
194.49.82.1,9,3,70:0f:6a:ae:5d:e0,14,391d17h32m48s
81.173.98.253,9,3,70:db:98:6d:26:00,43,631d18h59m7s
199.103.8.1,9,3,cc:7f:76:72:67:00,6,1160d10h6m47s
31.207.45.1,9,3,58:f3:9c:8d:9a:87,34,1241d0h17m29s
45.76.40.97,1991,3,60:9c:9f:20:1a:80,9,813d10h32m20s
45.155.120.1,9,,,12,252d7h11m26s
185.51.148.1,9,3,a0:0f:37:ea:e1:80,10,357d0h3m16s
185.223.95.1,14988,4,,0,0d0h0m0s
92.48.192.1,9,3,bc:16:65:bf:cd:40,0,0d0h0m0s
195.88.202.1,14988,4,,0,0d0h0m0s
195.144.2.1,9,3,a8:0c:0d:f1:cf:50,15,1396d3h50m47s
86.106.20.1,9,3,ac:f2:c5:70:93:c0,8,2230d1h14m55s
149.14.82.2,9,3,cc:16:7e:48:31:00,27,102d15h18m24s
94.228.128.213,9,3,a8:0c:0d:f1:cf:50,15,1396d3h50m47s
213.187.133.28,9,3,f8:a5:c5:7d:9b:80,7,875d1h26m13s
213.187.133.60,9,3,f8:a5:c5:7d:a5:80,12,875d1h26m51s
45.90.187.1,1970372396,221,,10,123d11h36m42s
45.88.57.1,9,3,e0:69:ba:6b:63:00,19,186d23h54m50s
46.231.22.38,14988,4,,0,0d0h0m0s
149.14.82.210,9,3,2c:5a:0f:22:7a:00,14,738d13h12m27s
62.179.26.10,9,3,a8:4f:b1:eb:c7:30,5,234d23h29m35s
83.223.39.1,1991,3,60:9c:9f:bd:3f:d0,25,609d14h18m20s
178.208.64.1,9,3,30:f7:0d:9e:e0:e0,0,0d0h0m0s
185.226.108.6,2636,1,,1,1397d23h18m20s
82.163.40.1,2636,1,,9,54d10h2m43s
5.39.168.9,9,3,f8:0f:6f:e4:c6:50,0,0d0h0m0s
195.184.77.1,9,3,00:b7:71:71:2b:00,23,1194d3h5m25s
45.66.32.1,9,3,64:3a:ea:e1:80:00,3,1473d16h18m52s
37.114.88.102,9,,,2,547d5h56m41s
94.102.55.1,1970372420,76,,4,227d5h12m47s
139.178.72.1,482549357,,,24,213d12h10m12s
31.22.83.171,9,3,68:87:c6:18:01:80,2,871d4h27m27s
45.83.206.1,9,,,2,5d4h11m52s
46.249.62.29,9,3,00:3a:9c:15:63:00,0,0d0h0m0s
185.68.91.242,9,3,68:3b:78:6f:47:00,6,710d14h42m20s
31.21.0.1,1344692224,,,2,569d15h2m38s
139.28.200.1,9,3,40:b5:c1:2f:22:00,8,816d3h22m45s
159.100.65.41,9,3,74:11:b2:a7:46:00,8,673d6h13m23s
5.45.62.1,9,3,2c:f8:9b:33:7a:70,0,0d0h0m0s
89.238.177.1,9,3,7c:21:0e:b1:65:40,0,0d0h0m0s
89.248.160.1,1970372420,76,,4,227d5h12m47s
91.217.146.1,9,3,5c:3e:06:e1:63:d8,0,0d0h0m0s
212.45.44.182,9,3,00:14:f2:f9:9e:04,18,577d18h37m22s
213.207.11.148,2636,1,,9,54d10h2m43s
194.140.246.6,9,3,58:ac:78:6c:c8:80,13,573d11h11m28s
92.118.206.3,1970372564,175,,9,73d8h57m38s
145.145.0.39,9,3,4c:5d:3c:a4:bc:40,6,200d4h30m26s
157.97.221.254,9,3,88:9c:ad:cd:6d:00,12,133d11h25m45s
77.222.66.94,9,3,e4:aa:5d:f9:17:c0,6,1365d10h45m16s
194.87.35.1,2636,3,7c:25:86:90:fd:60,4,87d16h40m28s
185.62.68.134,9,3,18:80:90:15:58:80,18,18d17h11m1s
37.139.138.171,9,3,d8:b1:90:86:96:00,0,0d0h0m0s
217.170.20.180,14988,4,,0,0d0h0m0s
146.104.249.1,9,3,08:4f:a9:31:6b:00,9,94d21h44m11s
195.212.144.66,9,3,70:79:b3:b9:f2:00,5,765d6h53m9s
194.31.131.40,9,3,4c:00:82:a0:72:00,11,745d21h13m19s
195.35.128.1,9,3,00:0d:ed:a9:5b:e0,3,2263d14h46m15s
185.36.188.1,14988,4,,0,0d0h0m0s
194.49.83.208,9,3,70:0f:6a:ae:5d:e0,14,391d17h32m48s
157.97.222.1,9,3,88:9c:ad:cd:6d:00,12,133d11h25m46s
185.29.203.186,8072,128,,1,66d20h31m48s
37.153.127.11,1970372468,131,,34,155d20h0m53s
81.173.74.219,9,,,37,310d9h1m52s
185.220.215.148,9,,,556,0d4h42m49s
62.59.46.34,9,3,70:0f:6a:12:98:80,44,335d5h56m27s
45.144.232.1,2636,3,7c:25:86:90:fd:60,4,87d16h40m28s
194.87.191.1,2636,3,7c:25:86:90:fd:60,4,87d16h40m28s
194.28.112.1,2636,1,,6,168d3h35m23s
185.241.213.1,1970372352,28,,1,1130d7h33m20s
80.71.232.1,1970372392,153,,9,18d21h17m26s
85.144.224.1,1344692224,,,2,570d15h23m11s
82.217.0.1,9,3,f8:a7:3a:f0:f4:00,11,205d11h35m0s
87.209.8.1,1344692224,,,6,556d14h4m14s
89.248.170.1,1970372420,76,,4,227d5h12m47s
83.172.160.1,9,3,00:1c:58:b1:f6:18,9,2211d17h4m10s
87.212.206.1,1344692224,,,7,563d14h9m23s
64.29.137.13,9,3,64:12:25:ce:7b:40,3,600d0h11m17s
92.246.93.254,9,3,d4:e8:80:26:54:5c,0,0d0h0m0s
81.29.158.1,9,3,54:7f:ee:01:1b:40,0,0d0h0m0s
149.11.64.210,9,,,6,328d0h6m27s
185.187.12.134,2636,1,,17,24d12h49m32s
185.53.161.29,9,3,00:de:fb:f0:52:00,0,0d0h0m0s
94.231.250.1,9,3,00:21:d8:bd:e8:10,8,1858d6h33m19s
213.207.9.140,9,3,60:26:aa:fd:a0:80,8,49d3h31m57s
194.171.41.1,9,3,70:ca:9b:e9:28:fa,84,0d20h39m52s
194.69.24.1,9,3,00:1a:e2:ab:6b:12,7,2220d2h56m24s
176.56.187.146,9,3,d4:c9:3c:31:6b:80,7,2074d22h46m8s
45.9.53.1,9,3,08:4f:a9:95:51:00,14,223d12h8m15s
46.244.4.219,1970372468,131,,10,1169d0h44m16s
87.236.7.53,9,3,38:90:a5:02:ea:00,4,511d14h54m13s
212.104.210.1,2636,1,,1,1408d23h52m41s
204.2.64.1,14823,,,44,56d16h53m23s
155.2.223.1,52642,3,64:9d:99:d9:85:94,16,1d21h59m42s
178.162.156.153,8072,128,,14,322d2h38m45s
45.139.163.1,8072,128,,17,115d4h9m45s
212.178.112.242,9,3,cc:d3:42:97:d0:80,4,364d19h52m10s
107.158.222.1,1970372352,28,,304,1d14h11m59s
194.29.73.1,9,3,84:3d:c6:bb:9a:30,8,790d3h10m6s
193.0.179.1,9,3,64:12:25:ce:b1:c0,10,312d5h15m34s
83.97.88.82,9,,,20,134d15h9m5s
185.186.244.1,2636,3,88:a2:5e:e6:56:00,4,2300d6h26m13s
134.90.146.1,9,3,64:f6:9d:cf:d8:00,0,0d0h0m0s
62.165.123.58,9,3,dc:77:4c:e4:ce:00,2,1277d0h50m4s
212.45.33.11,9,3,64:8f:3e:84:6d:e0,0,0d0h0m0s
46.249.43.4,9,3,d4:78:9b:2a:6c:90,12,2190d1h52m9s
95.211.208.149,8072,128,,18,24d8h23m31s
31.22.83.195,9,3,00:21:55:94:64:24,22,1721d9h58m35s
91.202.208.1,1970372420,76,,4,227d5h12m47s
217.149.33.14,9,3,10:b3:d6:99:12:00,19,307d23h17m21s
195.143.54.6,9,3,90:eb:50:c0:f0:80,4,99d20h54m17s
80.82.77.1,1970372420,76,,4,227d5h12m47s
145.145.6.98,9,3,a0:b4:39:71:85:74,0,0d0h0m0s
193.25.96.1,9,3,1c:6a:7a:b9:05:7a,5,125d5h31m58s
185.119.191.26,9,3,b4:de:31:ef:5f:00,6,583d17h56m11s
84.38.236.62,9,3,2c:33:11:a4:12:f0,0,0d0h0m0s
185.90.199.107,1970372456,139,,4,241d5h20m46s
80.115.160.1,9,3,28:52:61:fb:48:00,15,193d0h54m17s
87.239.96.1,9,3,28:ac:9e:0e:91:00,143,968d20h3m31s
194.26.103.1,1588,178,,1,1144d21h37m9s
83.118.224.1,9,3,70:70:8b:ce:9b:a0,10,186d9h16m20s
37.139.137.23,2636,1,,3,173d15h0m56s
193.148.248.195,14988,4,,0,0d0h0m0s
185.90.199.121,1970372580,120,,5,158d1h57m27s
80.83.80.1,1970372392,153,,1,345d0h13m36s
45.152.76.1,14988,4,,0,0d0h0m0s
62.179.27.66,9,3,e8:65:49:fe:d5:a0,7,1255d18h55m49s
193.0.178.1,9,3,64:12:25:ce:b1:c0,10,312d5h15m34s
2.56.203.1,9,3,10:b3:d5:3d:7c:10,4,650d8h36m1s
193.29.183.1,9,3,50:0f:80:ca:03:b8,0,0d0h0m0s
94.103.144.34,9,3,00:05:74:0f:b2:bc,8,2211d17h12m17s
156.253.223.1,1970372352,28,,3,30d6h17m27s
195.219.136.114,942682160,,,1653,200d9h17m54s
185.232.84.102,1970372352,28,,1,83d20h54m24s
185.249.6.1,9,3,00:fc:ba:3f:9b:80,2,1188d2h28m32s
91.205.214.234,9,3,00:27:e3:77:66:00,7,112d16h22m10s
149.11.39.53,2636,3,2c:21:31:43:b7:f6,2,310d0h56m4s
185.187.12.194,25506,128,,5,2362d0h37m8s
84.14.61.82,9,3,70:b3:17:0e:54:80,4,2347d4h43m28s
212.119.24.251,9,3,14:a2:a0:56:ba:00,4,910d6h35m3s
67.63.57.1,2636,1,,3,106d15h2m39s
85.17.54.152,8072,128,,41,155d3h46m27s
212.61.142.45,1970372504,93,,8,1d17h2m5s
45.80.38.3,9,,,7,793d5h27m43s
185.90.199.119,1970372456,139,,6,158d1h53m10s
217.119.132.70,1970372420,76,,39,0d20h18m48s
195.219.150.31,6527,,,7,884d2h21m41s
31.187.240.1,1344692224,,,2,570d15h13m31s
194.109.11.106,9,3,00:22:55:38:a3:bf,8,3836d9h50m10s
212.72.47.138,2636,1,,7,61d10h1m54s
213.208.243.54,9,3,a0:93:51:c6:75:00,4,2391d5h29m20s
193.142.206.164,9,3,10:b3:d6:a7:b1:00,30,747d4h7m16s
87.212.166.1,1344692224,,,3,568d13h43m57s
78.152.46.26,9,3,24:e9:b3:e2:3d:18,5,778d16h11m32s
194.102.239.15,9,3,54:88:de:48:8a:80,17,19d20h22m15s
45.58.152.1,9,3,70:ea:1a:53:80:36,0,0d0h0m0s
46.243.102.1,9,3,b4:de:31:ef:5a:00,11,583d19h5m49s
103.104.60.1,2636,1,,3,166d5h11m32s
45.58.158.1,9,3,70:ea:1a:53:80:36,0,0d0h0m0s
2.58.14.1,14988,4,,0,0d0h0m0s
45.9.54.1,9,3,4c:e1:75:9f:18:00,6,1248d20h55m54s
185.63.164.1,9,3,24:e9:b3:e2:3d:18,5,778d16h11m32s
213.208.247.134,9,3,6c:b2:ae:05:ba:00,16,1569d23h31m50s
64.90.114.51,9,3,00:81:c4:b0:a9:00,0,0d0h0m0s
91.213.53.1,9,3,bc:d2:95:ff:48:00,42,260d7h45m21s
159.100.65.114,9,3,40:f0:78:22:3a:80,6,320d6h28m35s
62.179.18.62,9,3,78:ba:f9:98:2f:f0,11,378d19h53m31s
194.26.103.9,1588,178,,1,1144d21h37m9s
185.62.12.1,9,,,3,382d5h9m18s
46.244.6.163,1970372468,131,,6,1193d1h36m43s
212.52.224.1,9,,,15,1052d14h51m46s
89.38.160.1,25506,128,,3,36d12h26m46s
195.182.199.1,1970372352,28,,16,572d15h31m27s
31.171.207.237,9,3,00:2c:c8:01:e4:80,6,1711d15h14m2s
5.200.30.114,9,3,00:d7:8f:b3:16:10,28,89d1h40m19s
88.151.120.194,2238,128,,1,0d15h46m4s
62.165.122.242,9,3,00:fe:c8:04:98:00,29,1310d17h35m17s
193.239.92.1,9,3,00:0a:b8:6d:8f:58,15,408d5h40m15s
213.187.139.244,9,3,c4:64:13:2e:ed:00,84,505d20h3m4s
93.95.214.1,52642,3,64:9d:99:d1:ec:b3,26,396d0h33m49s
46.17.14.1,9,3,58:bf:ea:55:c9:81,14,961d21h21m23s
31.22.80.19,9,3,00:78:88:3d:cf:00,53,121d21h0m42s
185.93.24.1,14988,4,,0,0d0h0m0s
212.72.33.50,9,3,00:2a:10:b3:e8:40,14,1716d13h51m11s
87.101.0.1,2352,131,,25,1052d15h2m16s
102.177.184.1,1970372352,28,,19,479d10h19m46s
149.11.38.154,2636,3,c8:e7:f0:02:df:fa,2,1524d23h30m52s
212.222.129.98,9,3,fc:5b:39:7c:6b:40,5,2609d1h5m16s
78.109.0.1,9,3,84:78:ac:14:38:c2,0,0d0h0m0s
91.208.62.1,9,3,b4:de:31:ef:59:80,6,583d17h23m40s
93.184.102.242,9,3,00:fd:22:0e:f0:80,10,150d17h17m23s
139.122.190.1,9,3,00:81:c4:79:c4:80,24,427d18h44m51s
94.231.248.1,9,3,00:21:d8:bd:e8:10,8,1858d6h33m19s
91.198.103.1,8072,128,,30,31d10h27m53s
104.156.138.1,8072,128,,10,243d18h46m38s
37.139.137.233,8072,128,,4,323d6h33m59s
134.145.75.1,9,3,70:ea:1a:ae:74:00,6,297d22h6m16s
194.53.72.1,9,3,34:ed:1b:df:fa:80,11,689d18h19m32s
185.187.12.40,2636,1,,17,24d12h49m32s
45.84.4.1,9,3,10:05:ca:ef:5e:80,0,0d0h0m0s
185.94.239.125,1970372504,93,,3,1117d6h25m42s
103.158.222.197,8072,128,,4,142d7h10m17s
193.187.120.1,9,3,f8:39:18:ea:aa:b0,15,338d22h59m57s
185.232.84.101,1970372392,153,,1,83d20h39m50s
37.153.194.33,14988,4,,0,0d0h0m0s
80.252.82.138,9,3,4c:5d:3c:a1:69:80,8,648d10h22m17s
77.81.240.1,9,3,00:f6:63:11:1e:ce,0,0d0h0m0s
193.160.96.1,1970372420,76,,4,227d5h12m48s
217.149.33.134,9,3,e8:eb:34:3a:d3:80,8,49d7h7m20s
185.211.210.1,9,3,70:b3:17:0f:0b:80,14,203d5h7m48s
185.187.12.95,1991,3,00:12:f2:9c:33:00,618,1482d4h34m30s
192.159.99.1,9,3,f8:6b:d9:d5:e8:60,0,0d0h0m0s
80.84.254.74,9,3,6c:41:6a:76:0a:d4,10,2006d12h4m23s
213.207.12.244,9,3,90:77:ee:84:eb:80,5,528d13h2m51s
93.92.24.6,9,3,a4:0c:c3:a1:68:01,2,2531d7h8m42s
149.11.201.170,9,3,ac:7a:56:4b:fe:00,16,272d1h30m45s
185.171.48.146,2636,1,,3,166d5h11m32s
77.242.127.119,9,3,cc:ef:48:f8:17:00,25,1532d15h32m24s
104.206.188.1,1970372392,153,,6,147d9h15m8s
195.219.136.113,942682160,,,2094,24d12h57m21s
195.133.75.1,2636,3,7c:25:86:90:fd:60,4,87d16h40m29s
80.252.83.30,9,3,c4:f7:d5:a5:53:70,4,1855d21h15m26s
149.11.38.190,2636,1,,1,148d3h3m19s
185.36.143.1,9,,,12,252d7h11m27s
31.20.224.1,1344692224,,,2,570d15h23m11s
45.159.189.1,14988,4,,0,0d0h0m0s
109.104.154.1,1970372420,76,,1,1100d5h24m4s
45.85.151.3,9,3,40:b5:c1:2e:b4:00,2,1580d0h55m50s
37.114.88.195,9,,,15,285d15h48m41s
193.178.226.1,9,3,40:01:7a:3a:01:40,0,0d0h0m0s
143.177.188.1,1344692224,,,6,557d14h8m13s
185.17.80.50,9,3,58:97:bd:40:18:48,3,30d3h23m11s
192.145.27.93,9,3,a0:93:51:e0:c0:00,19,165d7h56m24s
149.14.93.218,1991,3,cc:4e:24:4b:bc:00,23,1361d11h42m6s
46.231.22.154,1588,178,,0,788d12h49m46s
45.58.136.1,9,3,70:ea:1a:53:80:36,0,0d0h0m0s
23.109.12.1,8072,128,,20,9d4h16m27s
212.45.33.15,9,3,64:8f:3e:84:6d:e0,0,0d0h0m0s
185.121.93.1,9,3,e8:eb:34:7a:4d:20,0,0d0h0m0s
31.24.86.1,25506,128,,7,233d7h14m26s
80.82.66.1,1970372420,76,,4,227d5h12m48s
185.73.115.1,14988,4,,0,0d0h0m0s
91.220.53.1,14988,4,,0,0d0h0m0s
154.197.104.1,1970372392,153,,8,421d2h29m23s
154.57.160.1,9,3,3c:08:f6:d5:06:00,33,218d18h35m18s
212.78.171.114,9,3,b4:de:31:a1:a6:00,4,1423d18h9m52s
185.15.220.3,9,3,f8:e9:4f:d4:bf:20,2,499d0h29m27s
217.111.188.238,9,3,5c:3e:06:46:88:30,6,469d18h24m32s
149.6.129.186,9,,,4,577d11h39m14s
178.212.224.1,9,3,14:a2:a0:2f:c7:e8,0,0d0h0m0s
45.88.200.1,1970372392,153,,1,1100d5h51m13s
87.215.93.238,9,3,f8:c6:50:cd:2f:80,9,268d23h14m13s
103.80.86.1,1970372352,28,,3,30d6h17m28s
64.90.114.55,9,3,00:81:c4:b0:a9:00,0,0d0h0m0s
213.53.106.2,16808192,,,4,1443d2h34m9s
185.214.24.1,2636,1,,1,387d19h38m50s
212.45.44.162,9,3,00:17:94:19:7c:44,21,1633d11h37m14s
195.54.38.1,2352,131,,23,1011d5h0m50s
213.168.241.62,9,3,00:fd:22:53:fc:20,5,1035d15h47m41s
37.140.238.1,1991,3,cc:4e:24:16:02:f8,15,357d16h32m51s
217.148.190.11,9,3,7c:ad:74:ba:e4:a0,0,0d0h0m0s
217.148.190.10,9,3,4c:00:82:d3:2f:00,0,0d0h0m0s
5.200.30.87,9,3,7c:ad:4f:42:a0:80,8,216d5h1m27s
74.80.109.1,9,,,1,1346d2h13m32s
89.30.224.6,9,,,10,970d2h48m32s
37.153.127.9,1970372468,131,,25,155d19h57m39s
195.35.113.1,1970372392,153,,1,1100d5h51m13s
185.29.201.1,1970372352,28,,1,2008d22h22m21s
185.252.194.1,9,3,28:ac:9e:0e:91:00,143,968d20h3m32s
2.56.90.1,9,3,30:f7:0d:9e:e0:e0,0,0d0h0m0s
80.252.88.110,2011,3,dc:ef:80:5b:41:31,5,447d18h28m16s
185.110.112.1,25506,128,,1,819d3h40m59s
185.51.56.61,1588,178,,0,452d20h7m17s
64.235.33.1,1991,3,cc:4e:24:d1:9a:80,11,604d3h8m25s
185.2.30.1,1970372352,28,,4,1124d3h8m15s
185.149.37.1,2011,3,f4:e5:f2:e6:fe:da,2,1743d5h27m18s
77.73.224.52,9,3,6c:b2:ae:d0:ff:00,30,638d22h33m23s
195.211.72.1,9,3,00:3a:9c:26:94:40,0,0d0h0m0s
92.120.1.1,9,3,70:6e:6d:93:b7:00,7,2470d4h35m2s
149.11.202.138,2636,1,,1,273d12h4m47s
46.29.26.1,2636,1,,6,1935d20h24m25s
145.145.8.6,9,3,24:16:9d:b4:37:80,2,1585d0h41m17s
185.20.68.49,8072,128,,15,467d21h15m35s
45.58.144.1,9,3,70:ea:1a:53:80:36,0,0d0h0m0s
195.95.199.1,2636,1,,1,16d1h34m2s
154.51.12.30,14988,4,,0,0d0h0m0s
45.90.186.1,1970372468,131,,1,265d15h26m34s
92.246.95.252,9,3,00:a2:ee:ab:eb:80,0,0d0h0m0s
141.11.32.1,1970372420,76,,1,547d19h34m17s
185.53.160.158,9,3,70:ea:1a:7c:f7:d0,22,1547d0h31m38s
94.228.128.112,9,3,24:e9:b3:e2:3d:18,5,778d16h11m32s
176.116.145.1,14988,4,,0,0d0h0m0s
195.219.136.122,942682160,,,1784,221d12h5m58s
89.248.172.1,1970372420,76,,4,227d5h12m48s
46.226.233.2,9,3,6c:b2:ae:d0:ff:00,30,638d22h33m23s
185.63.84.1,9,3,6c:ab:05:3c:d4:00,11,618d7h48m36s
89.34.170.1,9,3,00:5d:73:4a:86:00,1,732d4h50m54s
46.244.4.202,9,3,78:bc:1a:a4:ca:00,10,123d10h39m2s
178.20.175.250,1970372352,28,,16,663d9h36m26s
62.179.21.10,9,3,40:b5:c1:d0:f7:a0,3,947d21h58m14s
145.145.4.162,2011,3,74:9d:8f:4b:49:01,8,428d22h33m20s
80.84.254.23,9,3,00:18:73:b8:54:0c,6,3931d5h41m6s
45.9.52.1,9,3,cc:7f:76:18:6e:00,22,1851d4h20m44s
185.90.199.109,1970372456,139,,4,241d5h20m37s
81.173.44.9,14988,4,,0,0d0h0m0s
185.74.77.41,9,3,00:5d:73:4a:86:00,1,732d4h50m55s
46.231.18.50,9,3,e4:aa:5d:7e:ef:00,20,449d15h13m27s
94.177.51.1,1970372352,28,,3,30d6h17m28s
217.148.168.7,2636,1,,1,1370d20h41m7s
37.139.137.123,9,3,00:87:64:63:d2:50,4,2180d22h6m8s
145.145.4.134,9,238,,7,1099d20h27m39s
94.231.252.1,9,3,2c:d0:2d:f8:7c:00,12,536d9h15m18s
80.246.207.111,9,,,54,18d16h50m59s
193.254.214.238,9,3,70:ca:9b:8f:67:80,19,2222d22h17m35s
213.152.162.1,2636,3,0c:59:9c:5c:62:00,1,1719d15h27m22s
154.57.175.1,8072,128,,1,12d4h21m44s
185.203.188.1,9,3,28:ac:9e:0e:91:00,143,968d20h3m32s
185.47.132.1,2636,1,,9,54d10h2m44s
185.74.77.25,9,3,00:50:56:be:14:87,6,354d10h39m33s
78.152.60.218,9,3,bc:16:65:5b:82:eb,10,8d15h1m44s
185.68.173.193,9,,,23,478d3h38m38s
80.246.207.121,9,3,a4:53:0e:a7:89:00,8,703d21h11m34s
144.95.88.1,9,3,c4:f7:d5:a5:59:a0,14,1290d8h48m21s
85.145.224.1,1344692224,,,10,569d15h22m59s
185.138.58.235,2636,1,,1,352d6h59m4s
91.231.184.3,9,3,34:ed:1b:b4:2f:00,65,127d1h24m39s
83.174.143.254,9,,,2,5d4h11m53s
213.34.128.1,9,3,a0:3d:6e:42:af:00,12,731d17h34m0s
185.226.76.1,9,3,28:af:fd:10:b0:00,16,118d19h14m25s
173.199.113.193,2636,3,2c:21:31:88:00:c0,3,912d15h35m4s
213.154.236.76,9,3,b8:a3:77:b3:b1:80,29,60d21h47m59s
45.133.196.1,1588,178,,4,109d7h10m44s
213.168.241.82,9,3,00:fd:22:54:07:60,4,1035d15h26m12s
185.237.102.1,9,,,8,921d11h10m42s
212.45.35.221,369629558,,,7,1207d9h47m59s
185.85.208.47,1970372420,76,,4,24d6h56m10s
91.232.114.1,9,3,b0:aa:77:27:b0:00,21,1022d0h15m50s
92.60.77.1,2636,1,,1,46d22h10m22s
213.208.224.6,9,3,74:ad:98:9f:82:00,6,581d11h6m36s
213.207.12.108,14988,4,,0,0d0h0m0s
143.177.192.1,1344692224,,,2,17d11h9m22s
185.100.192.1,9,3,14:84:73:e6:6d:80,10,321d4h17m38s
193.142.59.1,2636,1,,1,46d22h10m23s
188.227.204.1,14988,4,,0,0d0h0m0s
195.114.30.1,52642,3,64:9d:99:d1:fd:8b,44,988d0h22m11s
45.156.48.1,25506,3,20:fd:f1:e8:b8:04,1,1271d10h1m22s
144.178.98.118,9,238,,2,2363d22h22m40s
62.165.123.26,1991,3,60:9c:9f:58:21:00,24,649d15h7m21s
217.148.190.17,9,3,7c:ad:74:ba:e4:a0,0,0d0h0m0s
89.202.210.114,9,3,ec:bd:1d:90:39:00,2,1404d4h17m12s
185.107.190.189,9,3,70:bc:48:a1:63:80,2,152d1h20m54s
185.66.106.1,9,3,00:42:68:58:01:00,18,522d14h24m42s
46.17.8.1,9,3,c0:8c:60:98:9d:c0,0,0d0h0m0s
80.84.254.101,9,3,6c:41:6a:76:0a:d4,10,2006d12h4m23s
45.131.84.1,9,3,88:5a:92:5c:21:80,28,1556d15h10m2s
141.138.168.1,9,3,00:3a:9c:26:94:40,0,0d0h0m0s
85.158.252.1,9,3,7c:ad:74:98:ea:20,11,3833d15h48m33s
109.120.142.1,9,3,30:f7:0d:9e:e0:e0,0,0d0h0m0s
193.169.107.1,14988,4,,0,0d0h0m0s
156.253.220.1,1970372352,28,,3,30d6h17m28s
176.74.241.201,9,3,18:8b:9d:74:c0:f0,2,211d22h37m51s
185.40.252.1,9,3,cc:46:d6:2b:1a:84,1,11d7h24m13s
37.153.127.17,1970372468,131,,25,155d19h57m39s
195.219.162.3,1991,3,cc:4e:24:4b:82:00,23,2306d4h58m6s
190.2.158.159,25506,128,,2,2228d1h16m41s
87.213.35.26,9,3,2c:ab:eb:84:47:70,23,919d22h12m43s
212.165.108.170,9,3,00:a6:ca:d0:1e:00,14,1810d4h50m48s
46.226.56.150,9,,,54,18d16h50m59s
195.128.129.5,9,3,d4:ad:71:ff:63:00,30,78d18h4m35s
185.65.134.55,8072,128,,96,11d15h20m19s
195.219.136.123,942682160,,,1314,93d4h13m50s
195.219.138.14,942682160,,,1336,93d4h12m42s
213.21.232.1,9,3,00:3a:9c:23:80:c0,0,0d0h0m0s
37.139.137.75,9,3,4c:00:82:a0:72:00,11,745d21h13m20s
89.40.168.251,9,3,90:77:ee:f0:39:00,4,1156d4h48m34s
5.39.220.159,1991,3,60:9c:9f:58:2e:00,34,628d0h52m19s
149.6.129.249,9,,,1,348d9h55m6s
84.245.16.1,2352,131,,25,1052d15h2m17s
195.95.198.1,2636,1,,1,16d1h34m3s
103.204.195.1,8072,128,,17,11d18h53m43s
85.90.64.21,9,3,e4:c7:22:10:af:00,0,0d0h0m0s
89.248.174.1,1970372420,76,,4,227d5h12m48s
93.174.93.1,1970372420,76,,4,227d5h12m48s
149.11.201.74,8072,128,,96,11d15h20m19s
193.200.147.1,9,3,f8:6b:d9:62:60:80,20,739d17h33m59s
83.97.88.190,9,3,a4:53:0e:7a:0a:00,88,92d16h22m39s
149.6.128.98,1916,3,74:8e:f8:a9:1c:00,147,1234d1h51m5s
89.30.224.8,9,,,10,970d2h48m32s
212.61.190.55,9,3,24:e9:b3:52:db:00,18,308d16h36m55s
185.227.83.1,14988,4,,0,0d0h0m0s
94.228.128.226,9,3,24:e9:b3:e2:3d:18,5,778d16h11m33s
94.46.216.1,2636,1,,3,166d5h11m33s
185.29.203.197,1970372352,28,,6,2223d18h22m47s
45.150.44.1,9,3,88:5a:92:df:8d:00,3,116d12h43m47s
193.203.51.1,9,3,00:3a:9c:17:8e:40,0,0d0h0m0s
77.242.127.131,9,3,00:81:c4:ac:6c:00,16,655d5h8m18s
185.89.80.1,9,3,88:5a:92:ab:ea:00,3,3620d17h29m4s
91.234.193.1,1588,178,,2,1407d7h12m6s
185.216.140.1,1970372420,76,,4,227d5h12m48s
193.56.3.1,1970372352,28,,3,30d6h17m28s
45.153.83.231,8072,128,,17,115d4h9m46s
149.11.80.18,9,3,00:2c:c8:01:e4:80,6,1711d15h14m3s
185.139.148.1,9,3,f8:0f:6f:e4:c6:50,0,0d0h0m0s
31.186.242.70,9,3,68:ef:bd:2a:16:40,19,744d23h50m0s
109.202.99.1,2636,3,ec:38:73:d5:38:2c,2,1674d1h24m34s
185.180.196.1,14988,4,,0,0d0h0m0s
89.149.216.1,9,3,88:43:e1:8a:04:d8,17,1274d4h0m49s
149.6.0.114,1970372468,131,,3,1117d6h4m36s
103.147.212.1,674,3,d8:9e:f3:cf:db:60,44,35d11h39m41s
89.188.2.74,9,3,f8:0f:6f:45:81:00,8,1015d17h32m44s
31.134.200.150,9,3,00:3a:9c:17:8e:40,0,0d0h0m0s
185.9.253.1,9,3,00:21:d8:bd:e8:10,8,1858d6h33m20s
45.92.157.1,8072,128,,6,275d18h23m21s
89.255.17.1,2636,1,,33,864d23h48m54s
94.46.218.1,2636,1,,3,166d5h11m33s
37.143.86.73,2636,1,,15,1691d23h54m31s
46.23.88.3,1970372468,131,,6,1193d1h36m44s
185.121.92.1,9,3,e8:eb:34:7a:4d:20,0,0d0h0m0s
89.248.167.1,1970372420,76,,4,227d5h12m48s
94.228.128.125,9,3,24:e9:b3:e2:3d:18,5,778d16h11m33s
193.176.236.1,9,3,2c:ab:eb:84:47:70,23,919d22h12m43s
94.247.72.26,2636,1,,1,1408d23h52m42s
45.91.69.1,9,3,c0:67:af:3f:b5:74,8,1037d6h28m30s
213.207.104.6,9,3,78:da:6e:3e:32:00,34,174d4h22m37s
185.222.58.1,2636,3,0c:59:9c:5c:62:00,1,1719d15h27m22s
185.94.239.63,1970372504,93,,3,1117d6h34m48s
5.104.137.206,14988,4,,0,0d0h0m0s
45.66.76.1,9,3,00:21:d8:bd:e8:10,8,1858d6h33m20s
149.11.65.50,9,3,28:af:fd:a4:5f:00,2,1223d3h40m11s
185.225.24.1,1970372468,131,,1,265d15h26m35s
87.208.100.1,1344692224,,,9,554d14h9m4s
91.196.218.1,9,3,00:2c:c8:b0:75:a0,55,350d5h2m25s
37.123.210.81,2636,3,0c:59:9c:5c:71:00,4,631d22h54m14s
37.18.4.1,9,,,7,540d4h11m36s
185.209.72.1,1970372352,28,,19,479d10h19m46s
185.158.196.1,9,3,00:d7:8f:b3:16:10,28,89d1h40m20s
77.73.224.53,9,3,64:3a:ea:1d:01:00,16,803d0h43m46s
195.128.186.1,9,3,74:26:ac:03:28:d0,14,591d7h49m27s
195.246.110.1,9,3,e0:2f:6d:45:0c:c0,0,0d0h0m0s
156.225.68.1,1970372352,28,,19,479d10h19m46s
81.181.110.1,9,3,5c:a6:2d:c3:ed:60,0,0d0h0m0s
83.98.225.222,9,3,b0:c5:3c:cc:98:80,10,235d3h15m18s
193.169.171.1,14988,4,,0,0d0h0m0s
178.208.67.1,9,3,30:f7:0d:9e:e0:e0,0,0d0h0m0s
95.142.106.219,9,,,15,285d15h48m42s
212.61.142.58,1970372456,139,,7,50d22h52m13s
176.56.177.130,9,3,f8:0b:cb:34:dd:00,21,74d4h56m2s
188.239.183.1,9,,,2,5d4h11m53s
85.209.108.1,1588,178,,6,795d19h32m9s
45.157.133.1,9,3,3c:08:f6:d5:06:00,33,218d18h35m18s
46.29.27.1,2636,1,,6,1935d20h24m25s
64.235.37.1,1991,3,cc:4e:24:d1:9a:80,11,604d3h8m26s
93.174.95.1,1970372420,76,,4,227d5h12m48s
109.239.132.109,9,3,00:ea:bd:3d:2d:80,22,835d16h4m20s
166.49.239.210,9,3,40:55:39:f7:69:80,5,1787d16h56m17s
81.161.238.1,9,3,50:0f:80:ca:03:b8,0,0d0h0m0s
131.153.23.33,1970372392,153,,7,1179d17h50m44s
37.139.139.239,6527,,,7,884d2h21m42s
176.56.187.144,9,3,d4:e8:80:c2:6b:80,8,2074d2h44m6s
80.84.254.65,9,3,00:0a:b8:ce:d6:0c,3,3741d14h39m38s
78.142.18.1,2636,1,,1,46d22h10m23s
212.45.32.1,9,3,00:1d:45:de:2a:a0,13,1633d12h38m42s
91.103.21.1,9,3,c4:71:fe:c9:fd:80,16,3122d16h7m24s
45.132.8.1,2636,1,,1,1164d2h9m30s
185.51.56.219,1588,178,,1,110d1h45m25s
37.120.239.1,9,3,5c:a6:2d:c3:ed:60,0,0d0h0m0s
94.125.100.1,2636,3,7c:25:86:90:fd:60,4,87d16h40m30s
94.228.128.98,9,3,24:e9:b3:e2:3d:18,5,778d16h11m33s
213.207.11.100,9,,,1,712d3h27m4s
91.223.124.30,9,3,00:50:56:be:14:87,6,354d10h39m33s
193.176.244.80,14988,4,,0,0d0h0m0s
185.164.172.1,9,3,e0:2f:6d:45:0c:c0,0,0d0h0m0s
185.117.209.1,9,3,a0:93:51:d5:24:80,7,1167d10h5m9s
195.212.95.242,9,3,3c:26:e4:eb:c1:80,6,310d19h33m19s
45.84.212.1,9,3,00:2a:10:0e:f6:1e,0,0d0h0m0s
195.211.190.1,1970372352,28,,3,715d21h58m54s
5.102.141.1,14988,4,,0,0d0h0m0s
51.163.38.74,9,3,84:3d:c6:ac:d3:00,3,127d10h49m58s
146.71.94.1,8072,128,,1,490d10h4m11s
185.192.188.1,9,3,00:21:d8:bd:e8:10,8,1858d6h33m20s
89.149.197.140,8072,128,,4,10d6h11m3s
185.46.28.38,9,3,c4:7e:e0:5e:f3:00,9,190d6h49m51s
134.145.189.1,9,3,00:ee:ab:b7:0a:00,4,460d7h16m26s
46.243.188.1,14988,4,,0,0d0h0m0s
185.143.145.1,14988,4,,0,0d0h0m0s
80.231.152.148,942682160,,,1314,93d4h13m50s
5.45.60.1,9,3,04:76:b0:f5:a6:f8,0,0d0h0m0s
185.84.196.1,9,3,5c:3e:06:8d:22:00,6,625d6h6m45s
46.244.2.154,2352,131,,12,1270d21h55m12s
149.6.0.18,1970372564,175,,14,72d7h53m43s
154.197.110.1,1970372352,28,,19,479d10h19m47s
37.0.16.1,9,,,12,724d3h23m22s
149.6.110.66,9,,,2,1505d1h36m24s
37.139.137.25,2636,1,,3,173d15h0m57s
144.178.243.38,9,3,80:e8:6f:69:64:80,23,835d6h30m18s
45.93.40.1,9,3,58:f3:9c:82:39:00,0,0d0h0m0s
193.37.41.1,9,3,50:0f:80:ca:03:b8,0,0d0h0m0s
85.92.145.1,1991,3,00:0c:db:f9:cf:00,634,1815d22h1m16s
94.102.54.1,1970372420,76,,4,227d5h12m49s
134.19.178.1,2636,3,0c:59:9c:5c:71:00,4,631d22h54m14s
166.49.153.142,9,3,40:55:39:f5:32:00,9,1650d5h53m6s
80.231.152.8,942682160,,,1653,200d9h17m55s
91.189.102.1,9,3,00:07:0e:0f:2f:44,3,122d7h4m14s
195.219.194.97,942682160,,,1653,200d9h17m55s
45.8.217.1,1970372420,76,,1,547d19h34m17s
212.35.124.180,9,3,88:fc:5d:31:da:00,4,822d0h0m52s
93.184.99.161,9,3,5c:71:0d:aa:82:80,14,1075d1h52m17s
93.92.24.1,9,,,3,382d5h9m19s
213.207.8.29,9,,,9,604d14h46m14s
84.245.32.1,2352,131,,25,1052d15h2m17s
149.14.82.194,1970372392,153,,11,833d5h17m17s
185.185.212.1,1991,3,60:9c:9f:4a:08:9c,15,113d6h43m31s
212.45.33.13,9,3,64:8f:3e:48:7c:2c,0,0d0h0m0s
166.49.210.238,9,3,50:49:21:c5:61:c0,1,719d3h12m1s
185.161.208.1,14988,4,,0,0d0h0m0s
194.169.248.1,9,3,78:0c:f0:26:45:40,0,0d0h0m0s
213.207.15.108,9,3,00:a3:d1:3c:60:00,18,739d2h58m37s
185.167.204.26,6527,,,5,36d17h28m34s
194.35.11.1,9,3,20:cf:ae:a6:ab:00,12,890d13h41m21s
193.187.130.1,1970372352,28,,4,1124d3h8m16s
185.50.173.252,9,3,b8:38:61:c4:3c:c0,6,165d19h52m43s
62.41.164.1,9,3,00:2c:c8:7f:45:00,11,527d8h27m18s
154.62.12.1,9,3,3c:08:f6:d5:06:00,33,218d18h35m19s
195.219.136.112,942682160,,,1784,221d12h5m58s
45.137.199.194,2636,1,,1,50d22h4m20s
85.222.240.1,2011,3,f4:e5:f2:c5:7b:51,7,1627d20h4m32s
212.61.142.214,1970372500,142,,6,521d15h26m36s
143.179.192.1,1344692224,,,3,570d14h36m45s
80.246.197.253,11,,,25,198d4h9m43s
103.145.13.1,1970372352,28,,1,9d5h53m44s
91.205.215.199,1970372352,28,,1,2008d22h23m0s
149.29.3.194,9,3,08:4f:a9:74:87:00,6,2075d19h12m32s
91.235.83.1,9,3,00:00:00:00:00:00,5,185d9h36m4s
62.179.18.74,9,3,2c:4f:52:1a:c3:d0,4,1311d0h14m23s
94.177.146.250,9,3,58:97:bd:73:dd:e0,0,0d0h0m0s
212.45.61.33,9,3,00:17:94:19:7c:44,21,1633d11h37m15s
141.255.179.13,9,3,9c:38:18:0d:08:00,8,226d6h23m35s
31.22.82.219,9,3,6c:b2:ae:fc:b4:00,4,1087d18h48m10s
92.118.169.1,2636,3,7c:25:86:90:fd:60,4,87d16h40m30s
37.114.88.42,9,,,3,382d5h9m20s
95.129.120.1,9,3,00:23:ac:db:28:81,4,3343d14h42m18s
62.204.45.1,2636,3,0c:59:9c:5a:14:00,4,1720d20h20m4s
31.3.15.25,9,3,d4:e8:80:f6:44:00,28,291d17h37m59s
31.134.201.6,9,3,00:24:13:d7:9a:81,6,919d13h58m56s
185.51.56.32,1588,178,,2,1407d7h11m10s
64.29.137.1,9,3,64:12:25:ce:7b:40,3,600d0h11m19s
134.19.184.1,2636,3,ec:38:73:d5:38:2c,2,1674d1h24m34s
81.173.44.15,14988,4,,0,0d0h0m0s
37.153.127.71,1970372392,153,,23,155d19h29m6s
194.76.149.126,9,3,00:d7:8f:5d:07:00,7,124d18h53m18s
185.28.188.9,1970372564,175,,10,359d19h21m20s
185.9.252.1,9,3,00:21:d8:bd:e8:10,8,1858d6h33m21s
185.180.109.1,9,3,64:12:25:ce:b1:c0,10,312d5h15m36s
166.1.89.1,14988,4,,0,0d0h0m0s
79.143.213.73,1588,178,,10,1759d13h18m12s
185.127.104.1,1991,3,60:9c:9f:5c:13:c0,154,984d0h44m43s
91.230.51.2,9,3,40:01:7a:39:5d:d0,0,0d0h0m0s
194.156.64.1,2636,1,,6,168d3h35m25s
185.197.188.53,9,3,38:0e:4d:48:4d:80,7,285d18h51m43s
185.18.236.1,14988,4,,0,0d0h0m0s
45.158.81.1,9,,,12,252d7h11m28s
45.156.158.1,9,3,b4:de:31:16:1d:ec,0,0d0h0m0s
194.169.208.1,9,3,00:23:04:86:ed:c0,5,4896d16h5m21s
62.179.29.10,8072,128,,1,89d2h34m25s
5.39.169.142,9,3,d0:e0:42:ad:c8:90,0,0d0h0m0s
85.17.54.168,8072,128,,56,155d3h43m38s
77.243.224.1,9,3,00:05:74:0f:b2:bc,8,2211d17h12m19s
185.66.248.1,1970372352,28,,8,1d2h11m59s
195.182.37.1,2011,3,58:d0:61:f7:9d:a0,4,963d19h41m0s
45.86.162.1,14988,4,,0,0d0h0m0s
80.252.87.66,9,3,88:1d:fc:d3:e3:00,18,522d15h57m38s
213.207.9.244,9,,,12,369d8h4m8s
145.145.16.170,9,3,e4:c7:22:06:11:c3,0,0d0h0m0s
185.82.142.42,9,3,6c:b2:ae:fc:b4:00,4,1087d18h48m10s
195.200.76.1,9,3,54:7f:ee:01:1b:40,0,0d0h0m0s
145.131.158.145,9,,,10,249d21h29m12s
89.149.216.3,9,3,00:1e:4a:f8:83:48,13,556d21h15m0s
194.146.45.1,14988,4,,0,0d0h0m0s
193.169.68.1,1970372352,28,,13,89d13h12m44s
185.15.210.63,9,3,a8:9d:21:98:85:c0,9,760d2h14m38s
45.58.159.1,9,3,70:ea:1a:53:80:36,0,0d0h0m0s
213.39.92.1,9,3,70:69:5a:57:88:00,22,838d0h44m50s
204.8.82.1,2636,1,,3,166d5h11m33s
185.61.52.90,9,3,1c:6a:7a:6a:f5:a0,0,0d0h0m0s
212.72.47.194,1970372396,221,,13,50d22h49m49s
185.121.112.1,9,3,58:8b:1c:9c:10:80,4,18d8h13m20s
185.2.24.1,9,3,f8:7a:41:2d:ff:50,0,0d0h0m0s
80.252.82.142,9,3,4c:5d:3c:a1:69:80,8,648d10h22m19s
195.219.136.107,942682160,,,1784,221d12h5m59s
45.58.139.1,9,3,70:ea:1a:53:80:36,0,0d0h0m0s
185.155.168.1,9,3,00:00:00:00:00:00,4,45d8h25m33s
213.207.12.124,25506,128,,2,526d0h36m47s
185.173.235.1,1970372420,76,,4,227d5h12m49s
185.89.153.225,9,3,a4:9b:cd:91:18:80,8,160d4h51m7s
93.117.192.1,9,3,38:91:b7:bb:03:80,28,72d15h45m16s
195.184.77.13,9,3,00:b7:71:71:2b:00,23,1194d3h5m27s
137.174.136.2,9,3,f8:39:18:5b:8d:00,2,269d20h10m27s
185.95.31.1,1970372352,28,,8,1d2h12m0s
81.171.32.2,1970372548,202,,13,968d5h43m24s
62.179.20.58,9,3,a4:6c:2a:40:81:a5,3,1406d2h28m10s
213.207.11.172,2636,1,,5,111d6h55m45s
139.122.224.17,9,3,00:81:c4:4e:97:00,8,93d1h40m20s
154.59.113.1,9,3,70:61:7b:23:d7:e9,17,2d6h37m56s
185.253.29.1,9,3,84:8a:8d:99:7e:80,16,287d8h5m16s
194.183.123.234,25506,128,,10,3328d20h47m55s
185.10.160.1,9,3,24:d7:9c:6b:73:80,9,124d8h29m53s
193.78.18.2,9,3,18:80:90:b7:91:ff,1,1312d20h37m23s
95.142.48.1,2636,1,,13,1291d18h31m38s
145.145.12.18,9,3,e4:c7:22:06:11:c3,0,0d0h0m0s
195.133.59.1,9,3,30:f7:0d:9e:e0:e0,0,0d0h0m0s
213.207.9.68,9,3,a0:93:51:cf:f8:ea,0,0d0h0m0s
92.246.95.253,9,3,d4:e8:80:25:f9:50,0,0d0h0m0s
5.44.79.1,9,3,00:1a:e2:b8:27:1b,7,4126d14h8m6s
81.171.96.1,1970372420,76,,23,927d8h28m55s
94.102.59.1,1970372420,76,,4,227d5h12m49s
91.235.237.1,9,238,,16,115d13h8m36s
130.117.14.210,942682160,,,1653,200d9h17m56s
45.157.135.1,8072,128,,1,9d13h54m4s
85.92.132.1,1991,3,00:12:f2:9c:33:00,618,1482d4h34m32s
87.212.160.1,1344692224,,,6,568d14h27m4s
5.200.30.6,9,3,bc:24:11:45:67:ac,14,66d21h40m28s
37.48.104.46,9,3,24:b6:57:2d:d8:81,9,919d23h44m54s
78.152.32.62,1588,178,,6,1055d0h41m51s
45.92.3.1,,,,0,0d0h0m0s
166.49.159.30,9,3,d8:b1:90:eb:92:80,18,2236d1h49m19s
193.37.204.1,1588,178,,0,495d23h4m3s
193.38.244.1,1970372352,28,,3,503d9h58m39s
2.57.239.1,8072,128,,9,80d14h25m50s
185.90.199.115,1970372580,120,,5,158d1h57m28s
185.220.215.115,9,,,8,345d1h12m46s
185.138.208.1,14988,4,,0,0d0h0m0s
94.177.146.249,9,3,2c:33:11:da:75:00,0,0d0h0m0s
185.81.74.10,9,3,68:79:09:e0:16:00,2,208d5h22m9s
159.48.54.1,2636,3,0c:59:9c:5a:14:00,4,1720d20h20m4s
87.215.93.50,9,3,00:42:68:57:f3:00,8,1171d11h6m16s
46.23.83.35,1970372468,131,,6,1193d1h36m44s
185.85.208.1,9,3,00:35:1a:05:8a:80,1,80d15h40m36s
80.246.207.197,9,3,00:19:30:36:fe:18,10,1765d14h2m17s
193.118.48.121,2011,3,60:2e:20:06:02:81,6,624d6h8m33s
2.58.166.1,14988,4,,0,0d0h0m0s
45.149.52.2,2636,1,,7,61d10h1m56s
217.119.226.10,1991,3,60:9c:9f:58:21:00,24,649d15h7m22s
193.138.100.1,9,3,2c:54:2d:15:e3:98,2,566d1h47m23s
137.174.136.6,9,3,f8:39:18:5b:8f:40,2,269d20h7m16s
109.248.42.1,9,3,a8:9d:21:98:85:c0,9,760d2h14m38s
145.87.224.1,9,,,12,1052d16h25m38s
45.145.108.137,1588,178,,2,779d5h50m9s
193.242.108.1,9,3,00:09:11:e7:1d:08,5,620d21h35m22s
5.102.139.1,14988,4,,0,0d0h0m0s
195.219.136.145,1970372352,28,,3,466d21h39m42s
37.114.88.57,9,3,3c:13:cc:ee:28:80,10,1538d14h48m15s
185.121.170.1,9,3,6c:20:56:ca:52:c0,0,0d0h0m0s
62.165.122.1,9,3,5c:3e:06:e1:12:98,0,0d0h0m0s
130.117.53.3,674,3,e8:65:5f:0a:76:80,11,537d23h22m7s
45.148.10.1,1970372420,76,,4,227d5h12m49s
104.156.136.254,8072,128,,15,222d0h20m13s
5.39.223.245,9,3,58:f3:9c:8d:9a:87,34,1241d0h17m31s
185.191.240.1,1991,3,60:9c:9f:08:33:e0,11,951d11h49m34s
81.171.32.10,1970372392,153,,26,975d7h0m32s
46.243.167.1,9,3,54:9f:c6:1f:6f:00,10,183d18h21m6s
185.158.200.1,9,3,5c:3e:06:b2:a8:90,0,0d0h0m0s
145.145.0.207,25506,128,,1,2469d7h53m13s
151.243.14.1,1970372468,131,,1,265d15h26m36s
37.139.138.169,9,3,d8:b1:90:86:96:00,0,0d0h0m0s
194.158.160.1,9,3,bc:5a:56:b9:f7:00,26,64d3h8m52s
149.14.143.138,2636,1,,13,322d6h11m14s
84.207.217.4,9,3,dc:77:4c:a1:b8:80,2,408d13h27m47s
217.119.232.181,1991,3,60:9c:9f:45:e2:33,16,742d14h42m8s
185.214.25.1,2636,3,20:93:39:8b:cb:80,9,29d22h56m40s
131.153.243.1,1970372504,93,,10,38d20h15m59s
194.69.180.2,9,3,70:6d:15:30:44:00,15,80d21h34m22s
104.218.121.1,9,3,bc:24:11:45:67:ac,10,71d17h28m23s
193.118.48.119,2011,3,60:2e:20:06:02:81,6,624d6h8m33s
149.11.65.31,8072,128,,1,318d1h23m37s
31.171.207.236,9,3,2c:5a:0f:22:7a:00,14,738d13h12m29s
93.186.176.1,1588,178,,0,495d22h3m42s
46.243.96.1,9,3,b4:de:31:ef:59:80,6,583d17h23m42s
37.139.137.57,2636,1,,3,215d0h56m3s
81.173.74.208,9,,,19,1520d15h57m42s
51.163.166.230,1970372352,28,,5,1397d14h17m52s
85.146.128.1,1344692224,,,1,550d7h43m29s
146.70.35.1,9,3,5c:a6:2d:c3:ed:60,0,0d0h0m0s
185.82.142.141,9,3,70:69:5a:2b:25:80,13,1793d16h31m53s
195.35.160.82,9,3,04:76:b0:cf:ee:00,22,912d4h28m5s
37.139.140.187,2636,3,28:a2:4b:4f:a7:e0,1,317d23h2m24s
185.116.144.1,2636,1,,7,24d9h32m0s
5.56.133.1,9,3,54:7f:ee:01:1b:40,0,0d0h0m0s
45.158.206.1,14988,4,,0,0d0h0m0s
88.218.118.1,1970372564,175,,3,1667d5h43m37s
89.202.205.34,9,3,00:00:00:00:00:00,1,2585d9h24m3s
217.18.90.1,9,3,54:7f:ee:01:1b:40,0,0d0h0m0s
46.231.18.6,9,3,e4:aa:5d:7e:f6:00,37,484d20h55m29s
185.107.191.230,1991,3,d4:bd:4f:37:50:20,12,456d20h46m7s
195.133.17.1,1970372352,28,,3,30d6h17m29s
87.251.72.1,9,3,a8:9d:21:98:85:c0,9,760d2h14m38s
212.45.33.66,1634875438,,,2,1142d11h29m24s
193.79.225.234,9,3,cc:16:7e:47:de:00,5,2129d15h41m18s
81.173.44.12,14988,4,,0,0d0h0m0s
194.31.131.81,9,3,00:3a:7d:45:9f:00,6,8902d14h40m56s
89.149.202.129,8072,128,,12,29d2h50m53s
212.35.124.179,9,3,44:88:16:2d:b6:00,6,807d0h56m50s
213.207.8.148,9,3,68:87:c6:cc:62:80,2,871d4h27m17s
149.38.14.10,1970372420,76,,7,260d19h34m53s
80.231.85.130,942682160,,,1314,93d4h13m51s
45.12.69.1,9,3,30:f7:0d:9e:e0:e0,0,0d0h0m0s
77.81.120.1,11,3,44:31:92:2e:a1:f1,3,599d20h41m53s
91.189.96.1,9,3,58:f3:9c:82:39:00,0,0d0h0m0s
94.102.58.1,1970372420,76,,4,227d5h12m49s
78.109.5.1,9,3,84:78:ac:14:38:c2,0,0d0h0m0s
83.97.88.102,9,3,a0:b4:39:49:41:00,4,575d0h29m40s
193.238.241.83,9,3,00:c8:8b:fb:dd:00,8,458d17h17m18s
94.103.11.1,2636,1,,6,168d3h35m25s
31.56.241.1,1970372420,76,,1,547d19h34m18s
141.255.178.100,9,3,10:e3:76:a2:ab:80,7,24d4h49m25s
195.182.24.1,2011,3,58:d0:61:f7:9d:a0,4,963d19h22m36s
185.8.177.35,2636,1,,1,715d2h41m22s
45.129.13.1,2636,1,,1,46d22h10m24s
89.43.112.1,8072,128,,35,906d14h51m53s
194.45.181.1,9,,,1,3050d8h54m36s
185.82.142.41,9,3,70:69:5a:2b:25:80,13,1793d16h31m53s
185.187.12.39,2636,1,,27,333d9h46m43s
140.235.115.255,1970372468,131,,267,58d4h58m1s
149.11.38.55,9,3,70:79:b3:ba:63:00,17,36d20h18m38s
130.117.79.1,1991,3,74:8e:f8:22:7e:80,157,618d21h47m46s
193.67.144.1,9,3,a0:93:51:03:55:1c,0,0d0h0m0s
38.247.77.2,1970372580,120,,1,30d16h17m52s
149.6.129.74,9,3,2c:4f:52:96:8c:c0,12,1060d10h47m31s
31.22.82.59,14988,4,,0,0d0h0m0s
185.28.188.5,1991,3,cc:4e:24:4a:87:00,19,2286d6h43m2s
93.184.102.150,9,3,a8:b4:56:29:11:80,26,198d20h32m28s
185.227.81.1,14988,4,,0,0d0h0m0s
185.47.168.1,9,3,3c:13:cc:ee:26:80,17,815d20h17m44s
37.139.137.131,674,3,b0:4f:13:36:c1:40,10,282d21h26m35s
193.58.8.1,9,3,34:73:2d:02:99:b0,0,0d0h0m0s
91.244.224.1,14988,4,,0,0d0h0m0s
87.195.0.2,9,3,54:51:de:26:b1:58,0,0d0h0m0s
38.92.76.1,9,3,a0:3d:6e:0c:b3:80,20,162d11h0m10s
178.208.65.1,9,3,30:f7:0d:9e:e0:e0,0,0d0h0m0s
31.186.165.29,9,,,12,1052d16h25m38s
185.46.31.254,9,3,24:d7:9c:3d:0f:80,6,309d21h46m14s
195.12.61.1,14988,4,,0,0d0h0m0s
185.227.72.1,2352,131,,25,1052d15h2m18s
5.180.140.2,9,3,5c:3e:06:8d:22:00,6,625d6h6m46s
185.81.74.6,9,3,68:79:09:e0:24:60,2,208d5h20m21s
157.97.194.1,2011,3,f4:e5:f2:c5:7b:81,9,1632d21h6m54s
185.75.170.2,1970372604,89,,7,23d23h10m2s
213.207.11.124,9,3,d4:c9:3c:67:8f:80,38,2d2h34m25s
149.14.83.90,1991,3,74:8e:f8:a3:9e:80,1872,730d10h8m50s
193.118.48.215,1970372448,107,,5,310d7h28m37s
45.131.87.1,9,3,00:35:1a:24:4b:00,3,579d1h41m47s
217.170.23.220,9,3,60:26:aa:fd:9d:00,10,49d2h25m11s
83.98.224.234,9,3,50:0f:80:52:c1:00,17,184d16h10m16s
195.58.50.1,2636,3,7c:25:86:90:fd:60,4,87d16h40m31s
78.109.9.1,9,3,d8:67:d9:09:f0:42,0,0d0h0m0s
81.171.7.43,8072,128,,15,331d0h47m25s
213.189.29.1,1991,3,00:12:f2:9c:33:00,618,1482d4h34m32s
178.208.93.1,9,3,30:f7:0d:9e:e0:e0,0,0d0h0m0s
185.130.74.1,9,3,3c:8b:7f:5d:ec:80,3,828d22h38m43s
185.209.162.1,14988,4,,0,0d0h0m0s
91.235.174.1,14988,4,,0,0d0h0m0s
195.219.138.33,942682160,,,1784,221d12h5m59s
185.73.113.1,14988,4,,0,0d0h0m0s
92.118.206.17,1970372468,131,,1,265d15h26m36s
45.58.143.1,9,3,70:ea:1a:53:80:36,0,0d0h0m0s
185.92.73.1,2636,1,,6,168d3h35m26s
78.152.50.249,9,3,b8:38:61:c4:3b:d0,2,165d19h57m46s
37.114.88.81,9,,,1,712d3h27m5s
80.114.64.1,9,3,f8:b7:e2:05:74:00,20,317d15h20m43s
149.6.1.114,2636,1,,4,2603d5h19m57s
185.190.19.1,8072,128,,1,459d0h6m46s
217.18.95.153,8072,128,,17,115d4h9m47s
185.68.173.179,9,3,ac:bc:d9:b8:6d:00,18,58d21h50m57s
85.31.45.1,2636,3,7c:25:86:90:fd:60,4,87d16h40m31s
93.174.89.1,1970372420,76,,4,227d5h12m50s
185.121.14.1,1970372352,28,,3,30d6h17m29s
144.95.90.1,9,3,4c:77:6d:66:9c:40,16,230d0h14m32s
94.228.128.61,9,3,a8:0c:0d:f1:cf:50,15,1396d3h50m50s
185.62.36.18,1991,3,cc:4e:24:4b:84:00,26,2285d6h15m54s
185.170.129.1,14988,4,,0,0d0h0m0s
188.120.44.1,14988,4,,0,0d0h0m0s
5.79.124.67,8072,128,,70,108d4h31m6s
212.16.94.1,9,3,58:f3:9c:8d:9a:87,34,1241d0h17m31s
213.207.15.228,9,3,40:01:7a:a9:4a:00,8,580d7h47m20s
91.102.208.1,9,3,d4:78:9b:47:46:00,6,460d23h35m14s
37.114.88.1,9,,,9,274d14h38m3s
149.14.142.242,9,,,11,277d6h12m0s
94.102.56.1,1970372420,76,,4,227d5h12m50s
103.158.222.232,8072,128,,978,323d14h48m30s
195.182.27.1,2011,3,58:d0:61:f7:9d:a0,4,963d19h22m36s
188.91.0.1,1344692224,,,6,564d14h34m28s
83.174.137.106,9,3,74:88:bb:ba:cf:80,8,123d10h24m12s
194.69.16.250,9,3,00:0a:8a:e7:25:81,5,5015d16h26m46s
145.15.245.10,9,3,74:26:ac:7c:eb:00,6,774d15h54m30s
138.113.8.1,2011,3,a0:f4:79:5b:7a:11,23,916d9h25m21s
185.187.12.32,2636,1,,17,24d12h49m34s
91.215.4.1,9,3,58:ac:78:7b:a4:00,18,673d4h16m54s
163.171.160.1,2011,3,a0:f4:79:5b:7a:11,23,916d9h25m21s
77.91.127.1,9,3,e0:2f:6d:45:0c:c0,0,0d0h0m0s
5.83.0.1,2636,1,,5,5d11h0m46s
149.29.0.58,2068590416,192,,15,337d15h17m59s
217.148.190.7,9,3,4c:00:82:d3:2f:00,0,0d0h0m0s
156.238.192.1,9,3,00:f6:63:b8:71:ec,0,0d0h0m0s
77.73.224.55,9,3,d4:c9:3c:67:34:80,73,452d23h20m36s
31.149.246.178,9,3,20:cf:ae:60:97:80,5,1137d2h28m15s
195.74.87.1,9,3,2c:57:41:b5:ac:00,10,58d16h19m44s
217.119.224.1,1991,3,60:9c:9f:45:e2:33,16,742d14h42m9s
212.78.173.177,9,3,00:ee:ab:f5:d5:80,3,1711d0h2m41s
31.186.165.25,9,,,15,1052d14h51m48s
45.144.154.1,1970372352,28,,3,30d6h17m29s
37.139.139.24,6527,,,7,884d2h21m43s
85.144.16.1,1344692224,,,10,569d15h23m0s
193.254.214.234,9,3,00:1e:7a:58:5d:a8,16,173d8h50m44s
138.124.16.1,2636,3,7c:25:86:90:fd:60,4,87d16h40m31s
149.11.201.122,674,3,e8:65:5f:0a:a1:80,9,455d18h55m17s
31.160.107.18,9,3,7c:ad:4f:2a:c7:00,5,1160d10h7m42s
94.228.128.198,9,3,24:e9:b3:e2:3d:18,5,778d16h11m34s
46.244.2.147,9,3,00:1f:9e:6b:de:c0,16,2116d6h19m34s
172.98.169.1,9,3,58:97:bd:a3:5d:00,0,0d0h0m0s
143.178.12.1,1344692224,,,2,570d15h38m8s
163.171.140.1,2011,3,a0:f4:79:5b:7a:11,23,916d9h25m21s
31.187.196.1,1344692224,,,7,561d14h6m10s
95.142.106.67,9,,,12,369d8h4m8s
217.170.10.164,9,,,9,37d13h42m0s
185.39.44.241,9,3,f8:6b:d9:2f:ad:00,7,452d0h6m25s
92.63.170.236,9,3,74:a2:e6:39:80:00,4,616d16h22m23s
45.85.117.1,9,,,12,252d7h11m29s
81.173.44.2,14988,4,,0,0d0h0m0s
81.31.208.1,9,3,38:90:a5:64:56:62,0,0d0h0m0s
217.21.254.53,9,3,c0:14:fe:17:3b:00,23,616d1h47m1s
212.78.203.49,9,3,ac:7a:56:a9:be:00,10,8d1h47m18s
185.122.116.1,1588,178,,0,495d22h3m43s
185.166.91.1,2636,1,,3,166d5h11m34s
91.200.16.1,2636,1,,15,24d12h51m13s
185.34.176.1,9,3,88:1d:fc:d3:e3:00,18,522d15h57m39s
185.241.81.1,9,3,dc:77:4c:14:e1:80,4,98d12h46m18s
82.129.26.1,8072,128,,3,50d18h58m3s
79.143.212.141,9,3,2c:4f:52:bb:3e:30,0,0d0h0m0s
185.85.208.32,9,3,00:35:1a:05:8a:80,1,80d15h40m37s
91.215.7.189,9,3,58:ac:78:6c:d0:00,15,657d14h18m44s
217.144.102.1,9,3,30:f7:0d:9e:e0:e0,0,0d0h0m0s
155.2.192.1,9,3,f8:6b:d9:d5:e8:60,0,0d0h0m0s
87.212.66.1,1344692224,,,6,568d14h55m1s
213.152.174.1,2636,3,ec:38:73:d5:38:2c,2,1674d1h24m35s
185.107.191.38,1991,3,80:f0:cf:16:6a:b2,14,386d3h0m26s
140.235.115.254,1970372420,76,,8,177d9h10m15s
154.51.12.33,14988,4,,0,0d0h0m0s
193.36.186.1,9,3,f8:0f:6f:e4:c6:50,0,0d0h0m0s
31.207.48.1,2636,1,,1,1370d20h41m9s
212.78.176.102,9,3,00:ee:ab:f5:d5:80,3,1711d0h2m41s
185.138.58.137,2636,1,,1,387d19h38m52s
83.98.224.61,9,,,11,184d13h53m9s
193.177.180.1,9,3,7c:21:0e:50:28:80,4,1422d8h14m58s
81.173.125.1,9,3,08:45:d1:af:b4:00,16,314d23h47m21s
85.144.0.1,1344692224,,,2,569d15h22m54s
212.45.44.166,9,3,28:6f:7f:39:3f:ef,20,1633d11h13m26s
109.109.96.1,9,3,b0:c5:3c:e4:ac:80,10,345d17h58m21s
83.167.192.1,9,3,f8:6b:d9:41:d8:00,18,246d5h24m12s
83.98.224.74,9,3,a8:4f:b1:b2:df:80,14,375d17h39m19s
45.158.168.1,1970372420,76,,1,547d19h34m19s
195.20.48.1,1970372352,28,,6,308d23h34m58s
45.149.52.1,9,,,9,912d1h56m7s
149.11.200.18,9,3,5c:5a:c7:b6:d7:00,8,2075d5h18m44s
23.248.186.1,2636,1,,1,2597d2h5m22s
89.248.162.1,1970372420,76,,4,227d5h12m50s
37.139.140.185,2636,3,28:a2:4b:4f:a7:e0,1,317d23h2m24s
85.146.192.1,9,3,4c:e1:75:f9:a1:80,13,25d7h16m36s
5.79.107.18,8072,128,,21,36d12h25m50s
195.219.138.13,942682160,,,1336,93d4h12m44s
88.208.9.33,9,3,00:ea:bd:27:1a:58,0,0d0h0m0s
154.59.104.1,674,3,e8:65:5f:0a:7b:80,11,537d23h18m44s
212.165.124.1,9,3,70:c9:c6:4d:6c:00,8,1867d2h7m30s
162.222.213.1,1970372604,189,,10,359d19h28m2s
37.114.88.36,9,,,3,382d5h9m21s
31.134.201.150,9,3,00:3a:9c:1c:6a:e0,0,0d0h0m0s
45.148.184.92,9,3,a0:3d:6e:0c:b3:80,20,162d11h0m11s
154.14.51.1,9,3,24:d5:e4:75:e7:00,2,303d2h7m14s
37.114.88.80,9,,,2,5d4h11m55s
212.45.45.178,9,3,58:8d:09:e6:99:15,62,1319d12h58m26s
151.243.99.1,1970372420,76,,1,547d19h34m19s
185.170.211.1,2636,1,,1,118d11h18m22s
81.91.178.1,2636,1,,5,52d1h47m36s
151.243.111.1,1970372468,131,,1,265d15h26m36s
188.92.56.1,9,3,c4:b2:39:87:21:80,13,1534d1h54m51s
31.25.96.1,1991,3,00:0c:db:f9:cf:00,634,1815d22h1m17s
185.156.208.1,9,3,00:0e:83:7f:24:1b,5,3222d23h55m8s
194.53.10.1,9,3,a0:b4:39:ed:2e:00,29,575d14h34m40s
185.162.130.1,14988,4,,0,0d0h0m0s
217.170.11.212,2636,3,2c:21:31:43:b7:f6,2,310d0h56m7s
45.152.76.65,14988,4,,0,0d0h0m0s
185.187.111.141,9,3,6c:b2:ae:fc:c2:80,6,1624d23h9m49s
193.176.191.1,9,3,44:b6:be:e2:b7:00,10,739d17h33m52s
80.246.199.61,9,3,a0:0f:37:ea:e1:80,10,357d0h3m19s
81.173.74.64,9,,,41,1560d14h27m9s
193.111.152.1,14988,4,,0,0d0h0m0s
193.233.174.1,9,3,64:12:25:ce:b1:c0,10,312d5h15m37s
185.253.96.1,9,3,2c:54:2d:bd:53:c0,5,45d1h33m24s
185.138.58.232,2636,1,,1,332d3h13m16s
185.75.76.1,9,3,5c:a6:2d:6f:51:ae,0,0d0h0m0s
45.14.240.1,25506,128,,2,2228d1h16m42s
102.177.180.1,1970372352,28,,19,479d10h19m48s
89.248.169.1,1970372420,76,,4,227d5h12m50s
94.142.241.28,8072,3,52:54:00:20:b6:7f,8,15d22h6m47s
185.92.72.1,2636,1,,4,2603d5h19m58s
83.118.224.2,9,3,70:70:8b:ce:9b:a0,10,186d9h16m22s
79.143.213.75,1588,178,,15,1759d14h4m16s
217.102.208.1,9,3,d4:ad:71:0d:00:00,8,366d14h29m49s
89.149.221.226,8072,128,,24,36d12h18m50s
45.83.173.37,9,3,a4:b2:39:d6:c1:00,4,91d7h8m7s
185.73.220.1,9,3,54:7f:ee:67:3c:60,0,0d0h0m0s
176.56.187.227,9,3,00:24:c4:81:a3:f2,7,3388d21h50m10s
145.145.0.77,25506,128,,1,819d3h41m1s
83.172.180.1,9,3,00:1c:58:b1:f6:18,9,2211d17h4m13s
185.107.101.1,25506,128,,3,36d12h26m49s
93.95.144.1,9,,,12,724d3h23m24s
149.6.0.98,1970372468,131,,3,1117d6h30m34s
46.231.16.145,1588,178,,27,139d4h22m17s
145.15.245.22,9,3,74:26:ac:7c:eb:00,6,774d15h54m31s
204.8.80.1,2636,1,,3,166d5h11m35s
212.87.223.1,2636,3,7c:25:86:90:fd:60,4,87d16h40m31s
84.207.225.214,9,3,e8:65:49:3f:78:00,7,410d2h43m1s
185.232.163.1,2636,1,,3,166d5h11m35s
213.156.5.87,9,3,d4:e8:80:5c:2d:80,12,72d23h19m15s
5.102.142.1,14988,4,,0,0d0h0m0s
31.57.40.1,1970372420,76,,1,547d19h34m19s
87.208.84.1,1344692224,,,7,556d14h38m26s
194.147.33.1,2636,3,7c:25:86:90:fd:60,4,87d16h40m31s
217.119.226.14,1991,3,60:9c:9f:58:21:00,24,649d15h7m23s
45.153.83.245,1970372544,214,,3,52d8h35m38s
80.252.82.78,9,3,00:c8:8b:48:ca:00,6,652d6h2m35s
87.195.79.81,9,3,54:51:de:26:b1:10,0,0d0h0m0s
176.126.233.1,25506,3,44:31:92:fb:4c:17,5,617d17h33m3s
149.11.201.202,9,3,7c:ad:4f:41:d0:80,4,1711d1h23m20s
195.85.128.1,9,3,00:0d:ed:a9:5b:e0,3,2263d14h46m18s
195.219.194.96,942682160,,,1784,221d12h6m0s
195.219.136.118,942682160,,,1653,200d9h17m57s
94.102.60.1,1970372420,76,,4,227d5h12m50s
212.72.47.18,9,3,3c:51:0e:7a:50:00,2,1823d8h45m15s
213.207.11.204,9,3,00:e1:6d:1c:0e:01,11,551d0h28m24s
176.126.232.1,25506,128,,1,384d1h56m7s
217.170.19.196,9,,,7,540d4h11m37s
140.235.115.1,1970372548,202,,3,73d9h0m14s
62.179.23.118,9,3,d8:b1:90:1f:45:00,31,6d1h41m52s
185.253.58.1,9,3,a4:78:06:1a:19:40,0,0d0h0m0s
145.145.166.30,9,,,3,901d4h7m38s
45.159.188.1,14988,4,,0,0d0h0m0s
185.95.176.1,9,3,58:ac:78:26:8c:80,16,42d20h29m44s
109.235.36.3,9,,,32,445d15h10m48s
194.76.149.1,9,3,00:27:e3:77:66:00,7,112d16h22m13s
149.14.83.210,9,,,40,1480d17h22m51s
216.108.228.1,1991,3,cc:4e:24:d1:9a:80,11,604d3h8m28s
194.178.8.158,9,3,00:15:63:55:7a:01,10,638d19h10m38s
176.116.145.253,14988,4,,0,0d0h0m0s
89.248.166.1,1970372420,76,,4,227d5h12m50s
80.82.76.1,1970372420,76,,4,227d5h12m50s
45.84.5.1,9,3,54:7f:ee:85:3b:00,0,0d0h0m0s
45.58.154.1,9,3,70:ea:1a:53:80:36,0,0d0h0m0s
185.143.104.1,9,3,84:b8:02:61:b2:60,0,0d0h0m0s
45.90.185.1,1970372468,131,,1,265d15h26m37s
185.211.211.1,9,3,70:b3:17:0f:0b:80,14,203d5h7m51s
91.213.112.1,1991,3,00:24:38:98:af:00,66,230d0h36m6s
178.18.128.1,9,3,00:05:74:0f:b2:bc,8,2211d17h12m20s
185.29.203.170,9,3,00:d7:8f:5d:07:00,7,124d18h53m20s
37.139.139.240,6527,,,7,884d2h21m44s
213.152.165.1,2636,3,ec:38:73:d5:38:2c,2,1674d1h24m36s
77.87.161.84,9,3,3c:08:f6:d5:06:00,33,218d18h35m20s
80.246.207.125,9,3,34:ed:1b:df:fa:80,11,689d18h19m35s
185.220.215.108,9,,,2,722d1h48m7s
192.171.1.1,9,3,40:14:82:4c:8e:80,10,56d3h58m36s
46.23.83.34,1970372468,131,,10,1169d0h44m19s
45.83.206.129,9,3,f8:6b:d9:2f:ad:00,7,452d0h6m26s
31.186.160.1,9,,,12,724d3h23m24s
45.148.11.1,2636,1,,1,46d22h10m25s
95.178.106.1,25506,3,3c:e5:a6:e4:fe:bd,43,1211d16h8m35s
212.87.220.1,2636,3,7c:25:86:90:fd:60,4,87d16h40m31s
185.107.215.175,1970372352,28,,7,1839d14h56m59s
185.82.141.170,9,3,a0:bc:6f:e9:fb:20,2,232d18h5m28s
91.192.38.131,9,3,f8:a5:c5:4c:de:00,20,81d4h21m36s
5.104.142.1,25506,3,44:31:92:fb:4c:17,5,617d17h33m3s
81.173.44.21,14988,4,,0,0d0h0m0s
45.14.0.1,2011,3,84:46:fe:21:b7:90,6,1807d20h19m1s
185.61.54.1,9,3,1c:6a:7a:6a:f5:a0,0,0d0h0m0s
46.226.56.158,9,3,58:ac:78:26:8c:80,16,42d20h29m44s
192.159.102.1,9,3,a4:10:b6:06:6f:80,2,63d13h45m9s
86.107.178.1,1970372352,28,,3,444d7h28m26s
193.29.181.1,9,3,00:ea:bd:85:87:1a,0,0d0h0m0s
194.187.76.1,8072,128,,30,31d10h27m55s
217.148.190.16,9,3,c0:8c:60:a6:ed:20,0,0d0h0m0s
94.124.120.1,9,3,00:05:74:0f:b2:bc,8,2211d17h12m20s
154.194.55.1,1970372352,28,,16,572d15h31m30s
212.45.44.186,9,238,,2,518d8h24m14s
95.168.161.145,8072,128,,6,368d23h51m0s
195.184.90.1,9,3,28:ac:9e:0e:91:00,143,968d20h3m35s
104.156.136.1,8072,128,,15,222d0h20m14s
77.242.121.94,9,3,78:da:6e:bb:66:30,51,46d2h36m21s
94.156.117.1,1970372392,153,,9,18d21h17m29s
195.200.82.1,9,3,00:09:11:e7:1d:08,5,620d21h35m23s
185.254.42.1,9,3,a4:9b:cd:44:39:c7,2,94d1h17m12s
80.82.65.1,1970372420,76,,4,227d5h12m50s
5.39.168.54,9,3,2c:33:11:a4:12:f0,0,0d0h0m0s
185.240.31.1,9,3,5c:a6:2d:6f:51:ae,0,0d0h0m0s
87.252.201.158,9,3,f8:39:18:4a:19:80,18,86d18h46m0s
185.85.208.171,9,3,50:57:a8:b9:9d:94,2,156d3h45m26s
45.135.56.1,52642,3,64:9d:99:d1:fd:8b,44,988d0h22m13s
23.235.232.1,1991,3,cc:4e:24:16:02:f8,15,357d16h32m53s
23.151.136.1,1970372396,221,,10,123d11h36m46s
83.172.128.1,9,3,00:1c:58:b1:f6:18,9,2211d17h4m14s
193.107.40.1,9,3,88:5a:92:df:8d:00,3,116d12h43m49s
77.242.127.89,9,3,00:81:c4:ac:6c:00,16,655d5h8m20s
77.81.121.1,11,3,3c:e5:a6:3b:23:55,5,599d23h38m50s
185.94.183.1,9,3,84:3d:c6:ac:59:00,30,519d7h8m59s
94.231.240.1,9,3,00:21:d8:bd:e8:10,8,1858d6h33m22s
172.255.237.1,1588,178,,36,1198d0h21m30s
213.207.8.140,9,3,dc:8c:37:5f:74:00,6,2018d23h32m1s
94.131.223.1,9,3,64:12:25:cd:c6:40,11,1574d12h20m58s
93.184.102.246,9,3,00:fd:22:0e:f0:80,10,150d17h17m26s
143.178.0.1,1344692224,,,4,178d15h29m18s
141.105.144.1,2636,4,,15,224d7h48m52s
193.203.50.1,9,3,00:3a:9c:17:8e:40,0,0d0h0m0s
185.246.188.1,1706497754,186,,3,221d6h12m43s
149.11.39.226,9,3,e0:5f:b9:47:51:f9,18,41d1h23m9s
185.170.95.30,25506,128,,1,2229d4h32m20s
79.143.212.140,9,3,a4:53:0e:23:dd:0a,0,0d0h0m0s
5.253.84.1,2636,1,,1,46d22h10m25s
93.174.88.1,1970372420,76,,4,227d5h12m50s
192.145.26.91,9,3,70:db:98:6d:26:00,43,631d18h59m11s
185.138.58.139,2636,1,,1,430d3h38m54s
195.242.98.1,9,3,00:09:11:e7:1d:08,5,620d21h35m23s
91.106.224.1,9,,,15,1052d14h51m49s
46.30.41.2,9,3,30:f7:0d:9e:e0:e0,0,0d0h0m0s
91.221.99.1,2636,1,,4,2603d5h19m58s
178.170.148.1,14988,4,,0,0d0h0m0s
81.173.44.4,14988,4,,0,0d0h0m0s
202.27.114.1,1970372396,221,,10,123d11h36m46s
45.138.19.65,1970372420,76,,39,0d20h18m52s
185.246.28.1,9,3,00:de:fb:d4:9e:c0,0,0d0h0m0s
46.226.58.98,9,,,54,18d16h51m1s
185.62.36.20,1991,3,cc:4e:24:4a:87:00,19,2286d6h43m3s
143.177.148.1,1344692224,,,7,555d14h27m2s
163.171.145.1,2011,3,a0:f4:79:5b:7a:11,23,916d9h25m22s
104.239.82.1,9,3,a4:93:4c:da:90:80,10,2745d2h6m28s
91.184.48.1,8072,128,,17,107d10h51m19s
88.210.20.1,9,3,30:f7:0d:9e:e0:e0,0,0d0h0m0s
185.109.220.1,1970372352,28,,7,1752d4h3m3s
94.102.52.1,1970372420,76,,4,227d5h12m51s
62.179.20.14,9,3,00:24:14:9a:7d:10,5,1084d17h33m15s
195.219.194.64,942682160,,,1653,200d9h17m57s
87.195.0.3,9,3,54:51:de:26:a9:30,0,0d0h0m0s
80.114.192.1,9,3,70:18:a7:66:24:00,7,304d14h48m29s
80.246.207.225,9,3,00:19:30:36:fe:18,10,1765d14h2m18s
46.30.188.1,14988,4,,0,0d0h0m0s
91.208.175.254,1991,3,00:24:38:ac:6e:00,33,274d21h9m19s
85.145.240.1,1344692224,,,2,570d15h13m34s
37.220.168.1,1588,178,,5,109d6h44m36s
89.149.202.221,8072,128,,9,29d2h55m35s
103.67.200.1,1970372504,93,,10,38d20h16m0s
83.223.34.1,9,3,00:09:11:e7:1d:08,5,620d21h35m23s
149.11.200.114,9,3,78:bc:1a:8a:48:00,16,308d1h40m12s
194.53.56.1,9,3,58:ac:78:1d:97:84,2,120d22h49m5s
89.248.161.1,1970372420,76,,4,227d5h12m51s
31.22.87.187,2636,1,,3,166d5h11m35s
82.197.192.1,2636,1,,15,1691d23h54m33s
92.119.56.1,14988,4,,0,0d0h0m0s
185.62.37.238,1970372564,175,,22,1487d1h3m29s
185.149.38.1,2011,3,f4:e5:f2:e6:fe:db,2,1730d7h22m50s
213.207.15.212,2238,128,,1,1493d17h39m9s
192.87.8.7,9,3,10:8c:cf:da:3b:a0,2,206d8h42m23s
82.152.249.1,1970372420,76,,1,547d19h34m19s
188.89.96.1,1344692224,,,2,569d15h22m54s
185.65.52.1,9,3,50:0f:80:54:d3:00,7,1136d15h54m58s
109.232.226.1,2636,3,ec:38:73:d5:38:2c,2,1674d1h24m36s
37.114.88.133,9,,,1,712d3h27m6s
81.173.44.13,14988,4,,0,0d0h0m0s
37.48.71.3,8072,128,,8,233d21h15m1s
91.205.215.213,1970372352,28,,6,2223d18h22m49s
194.69.28.250,9,3,c0:67:af:3f:b5:74,8,1037d6h28m32s
62.166.128.1,1344692224,,,3,729d14h41m34s
149.11.203.178,9,3,c0:14:fe:5b:28:80,6,279d9h42m22s
185.246.31.1,9,3,5c:83:8f:b9:e9:5a,0,0d0h0m0s
92.249.24.1,9,3,58:bf:ea:55:c9:81,14,961d21h21m27s
37.153.127.77,1970372392,153,,24,155d19h24m6s
194.233.97.1,2636,3,0c:59:9c:5c:71:00,4,631d22h54m16s
45.148.184.90,9,3,5c:5a:c7:a7:b1:80,25,152d7h55m52s
94.228.128.196,9,3,24:e9:b3:e2:3d:18,5,778d16h11m35s
194.107.78.1,9,3,70:69:5a:2b:25:80,13,1793d16h31m55s
185.50.175.253,9,3,b8:38:61:e4:00:d0,2,165d20h17m50s
157.97.214.1,7367,3,00:1d:aa:66:a3:e8,0,0d0h0m0s
130.117.53.1,674,3,e8:65:5f:0a:7b:80,11,537d23h18m45s
185.30.167.1,25506,3,b8:af:67:e7:87:2b,7,1361d3h47m1s
37.140.232.8,1991,3,cc:4e:24:4b:92:00,22,1907d19h5m16s
5.249.163.1,2636,3,c8:e7:f0:a5:18:00,13,1068d15h27m7s
185.41.139.253,1970372352,28,,11,660d20h59m45s
217.119.143.1,1970372420,76,,1,547d19h34m19s
185.138.58.161,2636,1,,5,103d3h29m48s
149.14.93.210,1991,3,cc:4e:24:4b:82:00,23,2306d4h58m8s
94.103.9.1,2636,1,,6,168d3h35m27s
77.94.241.1,1588,178,,15,1759d14h4m16s
145.15.244.1,9,3,74:26:ac:7c:eb:00,6,774d15h54m31s
145.145.22.2,9,3,08:1f:f3:1e:a7:01,2,1100d20h40m24s
45.147.197.1,2636,1,,5,52d1h47m37s
185.187.12.34,2636,1,,17,24d12h49m35s
95.142.108.35,9,3,78:bc:1a:df:e6:80,8,2019d0h21m52s
192.159.103.1,9,3,a4:10:b6:63:e6:00,14,16d1h20m34s
185.138.58.210,2636,1,,15,99d16h4m23s
95.99.0.1,1344692224,,,10,569d15h23m1s
45.141.107.18,9,3,28:6f:7f:4b:30:d0,13,303d7h14m47s
194.69.180.1,9,3,70:6d:15:30:44:00,15,80d21h34m24s
185.61.52.138,9,3,1c:6a:7a:4b:df:20,0,0d0h0m0s
185.138.58.236,2636,1,,5,410d5h54m25s
185.6.111.249,9,3,cc:ef:48:f7:63:80,8,149d23h18m57s
185.28.188.15,1970372564,175,,11,359d19h17m14s
193.42.109.1,8072,128,,7,542d9h49m16s
185.133.36.1,14988,4,,0,0d0h0m0s
74.214.194.1,1970372524,61,,3,574d23h58m4s
94.231.244.1,9,3,00:21:d8:bd:e8:10,8,1858d6h33m22s
62.179.26.38,9,3,7c:ad:4f:81:b8:e8,0,0d0h0m0s
85.146.0.1,1344692224,,,3,570d14h36m47s
185.51.56.54,1588,178,,2,1407d7h12m8s
2.58.192.1,1970372544,214,,5,33d4h53m39s
217.170.19.156,9,3,00:87:64:63:fa:40,6,2180d23h6m16s
92.118.206.1,1970372468,131,,1,265d15h26m37s
193.79.227.226,9,3,74:ad:98:9f:9e:80,6,60d15h46m13s
141.11.62.1,9,3,bc:26:c7:9d:ca:40,0,0d0h0m0s
81.173.44.3,14988,4,,0,0d0h0m0s
91.201.167.11,9,3,70:69:5a:2b:25:80,13,1793d16h31m55s
84.207.217.1,9,3,e8:65:49:3f:78:00,7,410d2h43m2s
91.132.196.1,9,3,64:12:25:ce:b1:c0,10,312d5h15m37s
185.37.8.1,9,,,12,252d7h11m30s
213.208.234.42,9,3,a8:9d:21:20:a6:00,3,2899d10h32m49s
185.105.108.1,9,3,30:f7:0d:9e:e0:e0,0,0d0h0m0s
45.66.33.1,9,3,64:3a:ea:e1:80:00,3,1473d16h18m56s
194.50.16.1,1970372420,76,,4,227d5h12m51s
217.170.11.204,8072,128,,16,164d17h17m20s
146.19.100.1,1970372544,214,,1,1156d15h1m37s
185.161.28.1,14988,4,,0,0d0h0m0s
213.187.132.232,9,3,c8:4c:75:34:01:00,12,2714d5h25m12s
161.51.89.10,9,3,4c:e1:75:7f:e2:f0,12,362d3h47m44s
195.219.138.31,942682160,,,1816,184d8h9m56s
89.238.185.1,9,3,50:3d:e5:ad:2e:40,12,1650d10h32m53s
45.88.67.1,2636,3,7c:25:86:90:fd:60,4,87d16h40m32s
213.207.9.85,9,,,9,37d13h42m2s
45.136.224.1,9,238,,2,2363d22h22m43s
185.234.154.3,9,3,64:3a:ea:1d:01:00,16,803d0h43m49s
46.244.7.194,9,3,2c:4f:52:19:f4:80,18,605d4h33m36s
195.219.136.120,942682160,,,1784,221d12h6m1s
103.102.228.1,1970372352,28,,3,30d6h17m31s
45.83.205.243,8072,128,,4,323d6h34m2s
46.226.56.209,9,3,70:e4:22:eb:0b:00,11,1137d13h19m51s
45.76.40.1,2636,3,2c:21:31:85:af:00,2,912d15h26m37s
185.162.131.1,14988,4,,0,0d0h0m0s
194.87.62.1,2636,3,7c:25:86:90:fd:60,4,87d16h40m32s
67.63.58.1,2636,1,,3,428d22h43m33s
185.51.56.209,1588,178,,0,451d20h15m36s
195.160.216.1,2636,1,,13,1291d18h31m40s
193.32.178.1,2636,3,7c:25:86:90:fd:60,4,87d16h40m32s
193.37.68.1,1970372352,28,,3,30d6h17m31s
193.162.138.1,2636,1,,1,637d4h14m22s
80.82.72.1,1970372420,76,,4,227d5h12m51s
194.140.246.1,9,3,58:ac:78:7b:a4:00,18,673d4h16m55s
92.119.113.1,2636,1,,5,52d1h47m37s
83.98.177.1,1991,3,00:0c:db:f9:cf:00,634,1815d22h1m18s
212.22.74.1,2636,3,7c:25:86:90:fd:60,4,87d16h40m32s
95.214.24.1,9,3,40:14:82:eb:0d:00,26,127d0h56m48s
217.170.11.236,9,3,dc:77:4c:14:6d:80,2,1611d19h45m0s
45.139.163.3,8072,128,,17,115d4h9m49s
45.58.153.1,9,3,70:ea:1a:53:80:36,0,0d0h0m0s
62.3.19.1,2636,1,,3,692d9h41m35s
185.28.188.1,1991,3,cc:4e:24:4a:87:00,19,2286d6h43m3s
37.139.140.9,2011,3,f4:e5:f2:e6:fe:db,2,1730d7h22m51s
45.66.113.11,14988,4,,0,0d0h0m0s
45.15.193.1,1588,178,,2,1117d18h16m39s
194.145.209.1,11,3,44:31:92:2e:a1:f1,3,599d20h41m55s
94.231.254.1,9,3,00:21:d8:bd:e8:10,8,1858d6h33m23s
45.85.148.3,9,3,40:b5:c1:2e:b6:80,2,1580d0h53m39s
213.152.187.1,2636,3,ec:38:73:d5:38:2c,2,1674d1h24m36s
5.102.138.1,14988,4,,0,0d0h0m0s
87.236.7.245,9,3,d4:78:9b:6a:a3:00,12,690d6h36m24s
46.23.88.2,1970372468,131,,10,1169d0h44m20s
79.98.241.61,9,3,e4:d3:f1:36:16:80,22,215d7h50m28s
185.226.139.1,9,3,5c:83:8f:b9:e9:5a,0,0d0h0m0s
91.231.184.1,9,3,34:ed:1b:b4:2f:00,65,127d1h24m41s
87.195.25.81,9,238,,16,115d13h8m38s
91.231.4.1,9,3,d0:e0:42:ad:c8:90,0,0d0h0m0s
45.146.4.1,8072,128,,17,115d4h9m49s
45.137.22.1,2636,3,0c:59:9c:5c:62:00,1,1719d15h27m25s
185.222.56.1,2636,3,0c:59:9c:5c:62:00,1,1719d15h27m25s
185.41.38.1,1588,178,,4,786d5h7m41s
193.239.222.1,2636,1,,2,178d4h26m0s
91.200.16.66,2636,1,,15,24d12h51m14s
45.149.52.13,9,,,9,912d1h56m8s
185.166.89.1,2636,1,,3,166d5h11m36s
80.82.69.1,1970372420,76,,4,227d5h12m51s
185.161.140.1,9,3,00:08:32:3e:6b:00,6,9d0h28m58s
193.243.189.1,1970372420,76,,1,1100d5h24m7s
193.238.241.186,9,3,2c:33:11:9e:af:80,8,1376d17h29m55s
194.69.174.2,9,3,ac:7a:56:6b:38:80,12,1254d6h45m49s
145.145.20.62,9,3,c4:7e:e0:73:ef:80,6,56d5h47m14s
31.59.129.1,9,3,bc:26:c7:9d:ca:40,0,0d0h0m0s
185.93.76.1,9,3,58:8b:1c:9c:06:00,8,211d8h5m1s
80.246.198.41,9,3,00:04:28:ba:30:00,17,1910d4h28m13s
80.231.50.33,942682160,,,1813,213d6h16m57s
185.94.239.59,1970372504,93,,3,1117d6h25m46s
217.119.226.17,1991,3,60:9c:9f:58:07:00,33,1247d15h14m50s
195.184.64.1,1991,3,00:24:38:98:af:00,66,230d0h36m7s
185.121.95.1,9,3,f8:0f:6f:e4:c6:50,0,0d0h0m0s
185.150.68.43,9,3,70:0f:6a:12:98:80,44,335d5h56m31s
5.172.40.1,1588,178,,6,795d19h32m11s
185.34.168.1,9,3,b0:c5:3c:e4:b5:80,22,158d4h4m54s
185.184.72.1,14988,4,,0,0d0h0m0s
31.22.82.43,9,3,b4:de:31:ce:94:00,6,725d22h56m30s
185.15.220.2,9,3,88:fc:5d:ca:fc:00,2,499d0h33m31s
176.58.82.93,14988,4,,0,0d0h0m0s
64.137.125.1,1970372392,153,,1,345d0h13m40s
81.175.64.1,2011,3,78:58:60:2a:3d:62,8,1753d14h31m52s
2.58.44.1,9,3,2c:54:2d:bd:53:c0,5,45d1h33m25s
193.118.48.211,1970372448,107,,5,310d7h28m39s
217.18.95.217,1970372420,76,,8,182d5h13m37s
87.236.7.13,9,3,8c:1e:80:4c:ce:80,5,40d5h58m17s
62.32.32.1,9,3,2c:33:11:c7:45:50,11,875d1h8m6s
185.241.82.1,9,3,dc:77:4c:e4:ce:00,2,1277d0h50m8s
37.44.8.1,14988,4,,0,0d0h0m0s
62.93.144.1,9,3,00:fe:c8:86:46:80,0,0d0h0m0s
45.150.0.1,9,3,00:07:0e:0f:2f:44,3,122d7h4m16s
185.51.56.10,1588,178,,3,795d19h6m33s
84.245.0.1,2352,131,,13,662d0h50m18s
5.62.39.1,9,3,2c:f8:9b:33:7a:70,0,0d0h0m0s
213.34.87.2,9,3,78:bc:1a:01:c1:00,34,102d6h53m50s
45.58.138.1,9,3,70:ea:1a:53:80:36,0,0d0h0m0s
194.49.80.1,9,3,70:0f:6a:ae:5d:e0,14,391d17h32m52s
199.103.10.1,9,3,cc:7f:76:71:b6:80,7,1167d10h6m13s
79.124.8.1,2636,1,,1,46d22h10m26s
91.198.200.1,9,,,2,1d17h45m28s
185.130.47.1,9,3,b0:8b:cf:1a:03:10,0,0d0h0m0s
185.102.44.1,9,3,00:2a:10:c3:71:00,10,1192d5h38m57s
37.114.88.66,9,3,3c:13:cc:ee:27:00,8,1611d15h9m46s
85.146.16.1,1344692224,,,2,570d15h23m15s
62.250.128.1,1344692224,,,4,178d15h29m59s
185.246.30.1,9,3,28:ac:9e:0e:91:00,143,968d20h3m35s
194.156.66.1,2636,1,,4,2603d5h19m59s
5.45.61.1,9,3,2c:f8:9b:33:7a:28,0,0d0h0m0s
212.45.33.194,9,,,12,976d12h6m21s
45.154.45.1,9,,,2,5d4h11m56s
195.190.146.1,9,3,a4:4c:11:19:c3:81,9,1623d16h56m34s
104.249.40.1,1970372352,28,,3,30d6h17m31s
185.82.141.75,9,3,00:81:c4:6e:d0:00,6,507d9h59m28s
213.208.209.162,9,3,a4:10:b6:06:a5:80,2,403d23h24m54s
149.11.104.234,9,3,74:ad:98:59:32:00,2,787d0h39m12s
143.178.128.1,1344692224,,,2,570d15h13m35s
46.231.18.4,9,3,e4:aa:5d:7e:ef:00,20,449d15h13m30s
31.201.56.1,1344692224,,,2,569d15h3m1s
37.139.137.77,9,3,4c:00:82:a0:72:00,11,745d21h13m23s
95.211.20.79,8072,128,,12,36d12h18m51s
185.236.76.1,14988,4,,0,0d0h0m0s
94.102.62.1,1970372420,76,,4,227d5h12m51s
185.85.209.221,8072,128,,17,115d4h9m49s
154.62.8.1,9,3,3c:08:f6:d5:06:00,33,218d18h35m21s
87.209.16.1,1344692224,,,6,652d15h55m51s
94.102.49.1,1970372420,76,,4,227d5h12m51s
45.80.38.2,9,,,9,912d1h56m8s
185.113.84.208,1588,178,,0,495d23h4m5s
157.97.200.206,9,3,24:16:1b:b0:f8:80,8,492d3h37m40s
185.234.154.1,9,3,28:ac:9e:0e:91:00,143,968d20h3m35s
213.152.161.1,2636,3,0c:59:9c:5c:62:00,1,1719d15h27m25s
45.144.148.1,9,3,00:fc:ba:ee:36:30,0,0d0h0m0s
32.112.163.226,9,3,d4:78:9b:47:46:00,6,460d23h35m16s
64.26.35.35,9,3,58:8b:1c:9c:5f:80,12,65d22h18m27s
185.246.189.1,1706497754,186,,3,221d6h12m44s
45.58.155.1,9,3,70:ea:1a:53:80:36,0,0d0h0m0s
95.142.106.171,9,3,d0:dc:2c:e4:45:00,10,191d19h52m51s
149.6.128.82,2636,1,,13,34d21h48m40s
81.173.44.14,14988,4,,0,0d0h0m0s
85.145.144.1,1344692224,,,3,570d14h36m48s
185.239.171.1,9,,,2,5d4h11m56s
194.76.150.1,9,3,00:27:e3:77:66:00,7,112d16h22m14s
185.95.44.1,9,3,00:05:74:0f:b2:bc,8,2211d17h12m21s
185.205.240.1,9,3,6c:31:0e:c4:29:00,21,96d6h1m45s
94.102.51.1,1970372420,76,,4,227d5h12m51s
212.61.142.46,1970372396,221,,13,50d22h49m52s
89.149.200.17,8072,128,,24,29d2h54m50s
94.131.217.1,9,3,3c:51:0e:a1:aa:00,0,0d0h0m0s
193.238.240.1,9,3,88:1d:fc:d3:24:00,4,2003d17h33m34s
94.228.128.194,9,3,24:e9:b3:e2:3d:18,5,778d16h11m36s
37.114.88.135,9,,,15,285d15h48m45s
185.238.52.1,9,3,28:ac:9e:0e:91:00,143,968d20h3m36s
149.11.104.106,9,3,74:a0:2f:13:9a:00,2,381d10h22m54s
154.61.79.1,674,3,d0:c1:b5:ad:a8:49,28,72d2h49m28s
95.128.95.250,25506,3,b8:af:67:f5:51:6b,47,1816d6h13m7s
213.207.12.44,9,3,7c:ad:74:2e:60:80,5,365d9h8m47s
5.157.80.1,25506,128,,5,2362d0h37m12s
37.230.234.1,2011,,,10,1390d17h7m6s
185.90.199.117,1970372456,139,,6,158d1h53m14s
87.212.242.1,1344692224,,,7,564d13h59m47s
45.88.6.158,9,3,40:f0:78:cc:37:00,32,38d17h4m55s
45.88.202.1,1970372420,76,,1,1100d5h24m7s
185.75.246.1,9,3,28:ac:9e:0e:91:00,143,968d20h3m36s
195.219.138.12,942682160,,,1653,200d9h17m58s
185.220.215.109,9,,,2,1505d1h36m27s
145.249.104.1,1970372420,76,,4,227d5h12m51s
91.184.46.1,8072,128,,30,540d8h20m8s
51.163.164.58,9,3,6c:6c:d3:91:b6:30,15,33d0h15m38s
37.143.80.1,9,,,6,542d12h21m13s
178.248.49.1,9,3,a0:b4:39:a3:d3:66,0,0d0h0m0s
194.28.113.1,8072,128,,6,1413d2h51m53s
185.133.36.77,9,,,9,274d14h38m5s
91.213.78.25,2636,1,,1,16d1h34m6s
194.69.30.1,9,3,00:0a:8a:f0:e4:c1,10,1682d0h14m47s
193.43.92.1,9,3,00:09:11:e7:1d:08,5,620d21h35m24s
185.54.160.1,1970372352,28,,1,1130d7h33m25s
149.6.0.138,1588,178,,2,1117d18h16m39s
91.201.166.4,9,3,28:ac:9e:0a:0b:00,37,37d2h29m17s
93.171.200.1,8072,128,,1,2502d6h24m19s
89.149.201.4,8072,128,,10,36d12h29m43s
80.73.246.1,9,3,28:ac:9e:0e:91:00,143,968d20h3m36s
83.217.211.1,2636,3,7c:25:86:90:fd:60,4,87d16h40m33s
87.252.201.222,9,3,6c:b2:ae:d1:52:80,9,280d10h22m2s
149.14.82.202,9,3,b8:38:61:c4:3c:c0,6,165d19h52m46s
37.139.140.138,2636,1,,2,178d4h26m0s
89.248.173.1,1970372420,76,,4,227d5h12m51s
95.142.41.1,9,3,30:f7:0d:9e:e0:e0,0,0d0h0m0s
89.20.160.94,2636,1,,1,1397d23h18m24s
185.62.37.234,1970372564,175,,24,1485d6h12m9s
89.248.171.1,1970372420,76,,4,227d5h12m51s
185.61.54.14,9,3,00:13:7f:0d:03:e8,4,698d16h4m3s
89.149.201.35,8072,128,,11,29d2h54m11s
80.79.192.229,9,3,00:1f:9e:6b:de:c0,16,2116d6h19m36s
213.152.189.1,2636,3,ec:38:73:d5:38:2c,2,1674d1h24m37s
46.226.56.149,9,,,9,459d6h5m44s
195.12.60.1,14988,4,,0,0d0h0m0s
185.8.177.127,9,3,00:de:fb:f0:52:00,0,0d0h0m0s
185.74.184.1,9,,,2,5d4h11m56s
45.58.137.1,9,3,70:ea:1a:53:80:36,0,0d0h0m0s
185.64.120.1,25506,128,,2,2228d1h16m44s
178.208.89.1,9,3,30:f7:0d:9e:e0:e0,0,0d0h0m0s
185.197.188.50,9,3,b4:de:31:14:44:80,16,285d18h19m39s
185.51.56.26,1588,178,,0,458d19h39m9s
151.243.43.1,1970372420,76,,1,547d19h34m20s
193.42.252.1,9,3,e0:0e:da:ec:0b:00,17,35d16h54m9s
31.7.0.1,9,3,00:3a:9c:26:94:40,0,0d0h0m0s
91.199.59.193,9,3,6c:29:d2:0f:fd:80,6,174d6h17m5s
82.217.128.1,9,3,d4:ad:71:0d:00:00,8,366d14h29m50s
194.178.9.10,9,3,70:6d:15:ea:7c:80,3,1359d2h13m43s
217.148.160.1,9,3,4c:00:82:d3:2f:00,0,0d0h0m0s
217.27.224.1,9,,,15,1052d14h51m50s
45.144.148.254,9,3,f8:0b:cb:c9:53:10,0,0d0h0m0s
94.102.63.1,1970372420,76,,4,227d5h12m52s
45.145.108.139,1588,178,,2,779d4h24m44s
213.247.119.42,9,3,00:fd:22:ff:2c:e0,32,227d8h1m20s
185.201.68.1,2636,1,,236,640d3h2m1s
185.10.156.1,1970372352,28,,13,89d13h12m47s
217.170.18.180,9,,,1,1779d6h7m38s
185.102.44.0,9,3,6c:b2:ae:c6:15:80,8,1208d23h54m45s
194.69.26.1,9,3,c0:67:af:3f:b5:a4,8,145d14h28m35s
145.145.30.2,9,3,8c:94:1f:f6:e9:00,16,151d17h30m23s
145.145.12.62,1681780,,,22,122d17h26m38s
193.34.81.1,1970372352,28,,3,503d9h58m42s
77.81.96.1,9,3,00:00:00:00:00:00,6,1859d11h17m10s
163.172.208.1,9,3,18:8b:9d:ac:7a:fe,0,0d0h0m0s
199.231.235.1,9,3,b0:8b:cf:1a:03:10,0,0d0h0m0s
185.170.95.34,25506,128,,1,2229d4h32m21s
80.73.246.3,9,3,64:3a:ea:1d:01:00,16,803d0h43m50s
185.133.36.29,8072,128,,1,66d20h31m53s
193.53.10.1,2636,1,,5,5d11h0m48s
45.91.68.1,9,3,c0:67:af:3f:b5:74,8,1037d6h28m34s
5.172.47.18,9,3,28:ac:9e:8b:66:60,1,2632d21h57m34s
213.174.146.125,9,3,00:a2:ee:ac:53:90,0,0d0h0m0s
130.117.72.179,9,3,2c:33:11:e4:2d:3f,14,1823d6h11m2s
91.196.168.1,1991,3,00:24:38:98:af:00,66,230d0h36m8s
89.188.1.226,9,3,b0:8b:cf:3a:c3:00,8,63d15h10m37s
81.171.32.8,1970372548,202,,13,968d5h43m27s
195.219.136.119,942682160,,,1670,225d6h59m32s
78.152.39.245,1588,178,,16,1055d0h39m33s
195.93.253.1,9,3,e0:2f:6d:45:0c:c0,0,0d0h0m0s
213.152.186.1,2636,3,0c:59:9c:5c:62:00,1,1719d15h27m25s
185.238.108.1,2636,1,,3,166d5h11m36s
185.45.44.1,2636,1,,1,3350d18h14m8s
178.248.152.182,9,3,2c:33:11:a4:12:f0,0,0d0h0m0s
193.200.140.1,9,3,d8:b1:90:05:06:80,1,50d6h7m32s
176.97.206.1,2636,3,0c:59:9c:5a:14:00,4,1720d20h20m6s
31.57.244.1,1970372420,76,,1,547d19h34m20s
149.11.202.130,9,3,3c:08:f6:d5:06:00,33,218d18h35m22s
185.173.232.1,1970372420,76,,4,227d5h12m52s
185.132.252.1,2238,128,,1,1493d17h39m10s
176.58.89.221,8072,128,,1,284d13h41m7s
81.173.74.216,9,,,19,1520d15h57m44s
37.114.88.92,9,3,3c:13:cc:ee:26:80,17,815d20h17m47s
91.232.115.1,9,3,b0:aa:77:27:b0:00,21,1022d0h15m54s
178.217.101.1,9,3,30:f7:0d:9e:e0:e0,0,0d0h0m0s
81.173.74.66,9,,,32,445d15h10m49s
149.126.10.1,9,3,4c:42:1e:ab:21:80,4,127d2h9m38s
185.220.215.114,9,,,2,722d1h48m8s
185.187.111.115,9,,,9,274d14h38m5s
94.102.50.1,1970372420,76,,4,227d5h12m52s
212.45.33.17,9,3,64:8f:3e:48:7c:2c,0,0d0h0m0s
185.214.27.1,2636,3,20:93:39:8b:cb:80,9,29d22h56m43s
185.91.92.1,2636,1,,3,166d5h11m36s
45.8.92.1,9,3,50:0f:80:ca:03:b8,0,0d0h0m0s
213.39.93.90,9,3,70:69:5a:57:88:00,22,838d0h44m53s
94.102.57.1,1970372420,76,,4,227d5h12m52s
93.174.91.1,1970372420,76,,4,227d5h12m52s
185.138.58.175,2636,1,,1,387d19h38m54s
88.210.21.1,9,3,30:f7:0d:9e:e0:e0,0,0d0h0m0s
188.95.96.62,9,3,7c:ad:74:37:56:40,8,246d11h3m56s
193.169.106.1,14988,4,,0,0d0h0m0s
45.139.163.96,14988,4,,0,0d0h0m0s
212.165.118.248,9,3,70:c9:c6:4d:6c:00,8,1867d2h7m32s
5.39.168.30,9,3,2c:33:11:a4:12:f0,0,0d0h0m0s
194.104.102.2,9,3,00:27:e3:95:32:00,10,1110d11h13m44s
185.187.12.99,1991,3,00:12:f2:9c:33:00,618,1482d4h34m34s
89.37.98.1,9,3,00:3a:9c:8e:f5:00,0,0d0h0m0s
185.167.204.24,6527,,,3,441d20h3m27s
194.31.131.80,9,3,4c:00:82:a0:72:00,11,745d21h13m23s
79.98.241.114,9,3,00:27:e3:93:ac:00,0,0d0h0m0s
80.71.227.1,1970372392,153,,9,18d21h17m30s
45.113.237.1,4526,3,8c:3b:ad:72:30:d8,5,19867d10h58m15s
37.148.199.70,14988,4,,0,0d0h0m0s
89.149.222.133,8072,128,,16,36d12h35m43s
109.202.97.1,2636,3,0c:59:9c:5c:71:00,4,631d22h54m17s
83.126.46.67,9,3,84:eb:ef:ca:71:00,8,160d23h1m33s
185.226.111.78,9,3,00:23:eb:b8:12:b0,5,1426d4h48m50s
212.45.45.182,9,3,58:8d:09:e6:93:1c,2,535d11h57m38s
185.36.79.1,9,3,6c:d6:e3:1c:71:10,2,388d2h17m31s
185.223.93.1,14988,4,,0,0d0h0m0s
185.15.209.61,9,3,e0:2f:6d:45:0c:c0,0,0d0h0m0s
91.221.150.1,14988,4,,0,0d0h0m0s
185.127.184.60,9,3,d0:72:dc:a6:97:80,17,330d7h20m19s
51.163.166.238,9,3,84:3d:c6:04:af:3f,3,1256d2h2m31s
191.96.11.1,9,3,bc:26:c7:9d:ca:40,0,0d0h0m0s
5.180.124.1,2011,3,f4:e5:f2:e6:fe:da,2,1743d5h27m22s
193.138.100.2,9,3,2c:54:2d:15:e3:98,2,566d1h47m26s
145.145.166.10,2636,1,,9,779d13h30m0s
185.9.255.1,9,3,00:21:d8:bd:e8:10,8,1858d6h33m24s
195.219.194.19,942682160,,,1784,221d12h6m2s
91.195.201.58,9,3,00:a2:ee:a9:23:00,36,615d5h35m29s
185.90.199.111,1970372456,139,,4,241d5h20m51s
146.0.72.1,9,3,58:f3:9c:8d:9a:87,34,1241d0h17m34s
213.208.212.65,9,3,3c:8b:7f:5d:ec:80,3,828d22h38m45s
87.208.0.1,1344692224,,,8,561d14h5m47s
185.26.56.1,9,3,48:2e:72:fe:69:80,16,126d21h9m28s
185.228.80.1,1970372420,76,,4,227d5h12m52s
185.43.220.1,1991,3,cc:4e:24:6d:f0:00,0,19d0h19m28s
185.167.204.1,6527,,,3,441d20h3m27s
193.28.63.58,16808192,,,4,58d5h6m20s
195.109.63.1,9,3,dc:77:4c:a1:dc:00,8,356d17h35m5s
195.219.150.133,2636,1,,2,50d19h39m36s
94.228.128.126,9,3,a8:0c:0d:f1:cf:50,15,1396d3h50m52s
23.231.12.1,1970372352,28,,24,649d22h36m22s
95.215.8.1,2636,3,7c:25:86:90:fd:60,4,87d16h40m33s
31.22.82.204,8072,128,,1,1780d17h38m44s
185.187.12.1,2636,1,,17,24d12h49m36s
217.170.18.68,9,,,9,604d14h46m18s
185.90.199.113,1970372456,139,,4,241d5h20m41s
185.107.36.1,25506,3,44:31:92:fb:4c:17,5,617d17h33m4s
212.165.118.1,9,3,70:c9:c6:4d:6c:00,8,1867d2h7m32s
145.97.64.1,9,238,,7,1099d20h27m43s
185.241.80.1,9,3,28:ac:9e:9a:54:d0,2,639d3h14m39s
212.222.130.6,9,3,88:fc:5d:42:72:80,4,253d22h34m6s
193.107.247.1,9,3,00:aa:6e:f5:c5:80,30,120d0h41m7s
85.222.248.1,9,3,24:d7:9c:3d:0f:80,6,309d21h46m17s
37.203.58.211,9,3,00:ea:bd:e2:16:80,7,1194d3h3m28s
165.140.119.1,1991,3,74:8e:f8:22:7e:80,157,618d21h47m49s
91.221.96.1,9,3,00:27:90:6e:bb:81,1,2578d3h21m56s
51.163.166.198,9,3,bc:8d:1f:9d:57:50,10,50d2h48m12s
195.219.138.1,942682160,,,1314,93d4h13m56s
213.174.146.124,9,3,f8:0b:cb:9e:98:fa,0,0d0h0m0s
89.255.222.1,9,,,25,396d4h52m21s
185.34.156.1,9,3,50:0f:80:52:c1:00,17,184d16h10m18s
212.222.134.74,9,3,f8:0f:6f:4d:ba:00,16,622d23h39m8s
81.173.44.10,14988,4,,0,0d0h0m0s
146.103.54.1,1970372420,76,,1,547d19h34m21s
185.234.154.2,9,3,6c:b2:ae:d0:ff:00,30,638d22h33m27s
83.97.88.129,9,3,84:eb:ef:35:85:80,20,277d2h29m0s
185.85.208.166,14988,4,,0,0d0h0m0s
213.227.131.2,8072,128,,60,24d8h46m44s
94.103.151.98,9,3,00:1c:58:b1:f6:18,9,2211d17h4m15s
109.239.132.111,9,3,b0:fa:eb:a2:49:00,36,597d6h41m18s
149.14.92.138,9,3,cc:46:d6:63:d7:5c,0,0d0h0m0s
178.20.168.1,1991,3,74:8e:f8:aa:38:20,0,7421d15h59m39s
176.74.240.17,8072,128,,1,1081d1h51m47s
31.149.246.181,9,3,dc:8c:37:5f:eb:00,6,1187d23h42m39s
5.200.30.245,9,3,00:de:fb:1d:57:44,0,0d0h0m0s
185.23.238.1,1970372352,28,,3,30d6h17m32s
37.114.88.132,9,,,9,274d14h38m5s
5.200.30.187,2636,1,,10,1140d14h48m41s
84.32.102.6,6027,,,1,43d3h40m40s
92.120.2.1,9,3,a0:3d:6f:15:96:40,0,0d0h0m0s
45.149.52.9,9,,,9,912d1h56m9s
83.172.132.1,9,3,00:1c:58:b1:f6:18,9,2211d17h4m15s
89.149.211.156,8072,128,,47,29d2h55m20s
91.242.248.1,2636,3,0c:59:9c:5a:14:00,4,1720d20h20m7s
80.82.64.1,1970372420,76,,4,227d5h12m52s
193.22.21.1,2636,1,,5,52d1h47m38s
80.231.152.170,942682160,,,1784,221d12h6m2s
46.249.63.231,1970372420,76,,10,630d22h12m51s
87.195.0.1,9,3,90:eb:50:24:3e:30,0,0d0h0m0s
79.98.241.45,9,3,50:0f:80:9a:ed:b4,0,0d0h0m0s
45.84.213.1,9,3,e0:0e:da:a2:a2:8e,0,0d0h0m0s
193.118.48.213,1970372448,107,,5,310d7h28m10s
87.213.96.174,9,3,00:3a:7d:36:9a:00,7,1186d6h13m22s
45.149.234.1,1970372352,28,,3,30d6h17m32s
185.61.52.1,9,3,00:13:7f:0d:03:e8,4,698d16h4m4s
154.45.50.3,9,3,74:a0:2f:13:98:c0,1,1140d10h54m42s
195.219.138.15,942682160,,,1784,221d12h6m2s
185.40.57.74,14988,4,,0,0d0h0m0s
83.98.225.130,9,3,b0:c5:3c:e4:ac:80,10,345d17h58m24s
149.11.65.58,2636,1,,7,61d10h1m59s
91.214.149.2,9,3,28:ac:9e:0e:91:00,143,968d20h3m36s
31.200.208.1,1588,178,,6,795d19h32m13s
185.144.104.1,9,3,80:2d:bf:ac:58:80,5,528d12h54m25s
185.21.185.1,9,3,44:03:a7:8d:55:26,3,99d5h53m11s
185.243.32.1,9,3,70:df:2f:19:71:b0,10,788d23h36m41s
85.158.145.1,9,3,2c:33:11:f1:c8:40,0,0d0h0m0s
154.51.12.41,14988,4,,0,0d0h0m0s
87.208.16.1,1344692224,,,7,556d14h4m40s
149.11.134.13,2636,1,,1,527d17h4m26s
185.138.58.164,2636,1,,15,99d16h4m24s
85.12.0.1,1970372392,153,,18,515d18h22m28s
95.142.106.91,9,3,00:1e:4a:9f:6c:a8,4,2302d20h51m20s
